Facility NPI,total count,readmit count,percent_readmits,pcp visit count,percent_pcps,facility provider,concat address,Unnamed: 0_y,npi_type,organization,name,taxonomy_1,taxonomy_2,taxonomy_3,taxonomy_4,taxonomy raw,address_y,city,state,zip
1902803315,1201,83,6.910907577,436,36.30308077,RONALD REAGAN UCLA MEDICAL CENTER,757 WESTWOOD PLZ LOS ANGELES CA 900958358,1906,NPI-2,REGENTS UNIV OF CALIF LOS ANGELES,REGENTS UNIV OF CALIF LOS ANGELES,General Acute Care Hospital,na,na,na,"[{'code': '282N00000X', 'desc': 'General Acute Care Hospital', 'primary': True, 'state': 'CA', 'license': '930000165'}]",757 WESTWOOD PLZ,LOS ANGELES,CA,900958358
1184722779,1195,93,7.782426778,371,31.0460251,"UNIVERSITY OF CALIFORNIA SAN DIEGO, MEDICAL CENTER",200 WEST ARBOR DRIVE SAN DIEGO CA 921038937,1911,NPI-2,UCSD MEDICAL CENTER,UCSD MEDICAL CENTER,General Acute Care Hospital,na,na,na,"[{'code': '282N00000X', 'desc': 'General Acute Care Hospital', 'primary': True, 'state': 'CA', 'license': '090000101'}]",200 WEST ARBOR DRIVE,SAN DIEGO,CA,921038937
1427055839,885,83,9.378531073,329,37.17514124,SANTA MONICAUCLAMC AND ORTHOPEDIC HOSPITAL,1250 16TH ST SANTA MONICA CA 904041249,1907,NPI-2,REGENTS OF THE UNIV OF CALIFORNIA,REGENTS OF THE UNIV OF CALIFORNIA,General Acute Care Hospital,na,na,na,"[{'code': '282N00000X', 'desc': 'General Acute Care Hospital', 'primary': True, 'state': 'CA', 'license': '930000146'}]",1250 16TH ST,SANTA MONICA,CA,904041249
1689772592,678,60,8.849557522,246,36.28318584,UCSF MEDICAL CENTER,505 PARNASSUS AVE SAN FRANCISCO CA 941430296,1917,NPI-2,"UNIVERSITY OF CALIFORNIA, SAN FRANCISCO","UNIVERSITY OF CALIFORNIA, SAN FRANCISCO",General Acute Care Hospital,na,na,na,"[{'code': '282N00000X', 'desc': 'General Acute Care Hospital', 'primary': True, 'state': 'CA', 'license': '220000091'}]",505 PARNASSUS AVE,SAN FRANCISCO,CA,941430296
1033298617,448,33,7.366071429,11,2.455357143,UCSF DERMATOLOGY,400 PARNASSUS AVE SAN FRANCISCO CA 941432202,1919,NPI-2,UNIVERSITY OF CALIFORNIA SAN FRANCISCO MEDICAL CENTER,UNIVERSITY OF CALIFORNIA SAN FRANCISCO MEDICAL CENTER,Dermatology,Dermatology Dermatopathology,Dermatology Pediatric Dermatology,na,"[{'code': '207N00000X', 'desc': 'Dermatology', 'primary': False, 'state': 'CA', 'license': '', 'taxonomy_group': '193200000X MULTI-SPECIALTY GROUP'}, {'code': '207ND0900X', 'desc': 'Dermatology Dermatopathology', 'primary': False, 'state': 'CA', 'license': '', 'taxonomy_group': '193200000X MULTI-SPECIALTY GROUP'}, {'code': '207NP0225X', 'desc': 'Dermatology Pediatric Dermatology', 'primary': False, 'state': 'CA', 'license': '', 'taxonomy_group': '193200000X MULTI-SPECIALTY GROUP'}]",400 PARNASSUS AVE,SAN FRANCISCO,CA,941432202
1710918545,436,32,7.339449541,140,32.11009174,UNIVERSITY OF CALIFORNIA DAVIS MEDICAL CENTER,2315 STOCKTON BLVD SACRAMENTO CA 958172201,1912,NPI-2,REGENTS OF THE UNIVERSITY OF CALIFORNIA,REGENTS OF THE UNIVERSITY OF CALIFORNIA,General Acute Care Hospital,na,na,na,"[{'code': '282N00000X', 'desc': 'General Acute Care Hospital', 'primary': True, 'state': 'CA', 'license': '030000086'}]",2315 STOCKTON BLVD,SACRAMENTO,CA,958172201
1689608150,339,28,8.259587021,114,33.62831858,UCI MEDICAL CENTER,101 THE CITY DR S ORANGE CA 92868,1914,NPI-2,UNIVERSITY OF CALIFORNIA IRVINE,UNIVERSITY OF CALIFORNIA IRVINE,General Acute Care Hospital,na,na,na,"[{'code': '282N00000X', 'desc': 'General Acute Care Hospital', 'primary': True, 'state': 'CA', 'license': ''}]",101 THE CITY DR S,ORANGE,CA,92868
1710065933,109,6,5.504587156,38,34.86238532,CHILDREN'S HOSPITAL - SAN DIEGO,3020 CHILDRENS WAY SAN DIEGO CA 921234223,1924,NPI-2,RADY CHILDREN'S HOSPITAL - SAN DIEGO,RADY CHILDREN'S HOSPITAL - SAN DIEGO,Clinic/Center,Clinic/Center End-Stage Renal Disease (ESRD) Treatment,Clinic/Center Hearing and Speech,Clinic/Center Adolescent and Children Mental Health,"[{'code': '261Q00000X', 'desc': 'Clinic/Center', 'primary': False, 'state': '', 'license': ''}, {'code': '261QE0700X', 'desc': 'Clinic/Center End-Stage Renal Disease (ESRD) Treatment', 'primary': False, 'state': 'CA', 'license': '080000028'}, {'code': '261QH0700X', 'desc': 'Clinic/Center Hearing and Speech', 'primary': False, 'state': '', 'license': ''}, {'code': '261QM0855X', 'desc': 'Clinic/Center Adolescent and Children Mental Health', 'primary': False, 'state': '', 'license': ''}, {'code': '261QP2000X', 'desc': 'Clinic/Center Physical Therapy', 'primary': False, 'state': '', 'license': ''}, {'code': '261QR0400X', 'desc': 'Clinic/Center Rehabilitation', 'primary': False, 'state': '', 'license': ''}, {'code': '282NC2000X', 'desc': 'General Acute Care Hospital Children', 'primary': False, 'state': 'CA', 'license': '080000028'}, {'code': '405300000X', 'desc': 'Prevention Professional', 'primary': False, 'state': '', 'license': '', 'taxonomy_group': '193200000X MULTI-SPECIALTY GROUP'}, {'code': '261QD1600X', 'desc': 'Clinic/Center Developmental Disabilities', 'primary': True, 'state': '', 'license': ''}]",3020 CHILDRENS WAY,SAN DIEGO,CA,921234223
1992818256,87,8,9.195402299,,,UCSF MEDICAL CENTER ADULT CHRONIC DIALYSIS,1675 SCOTT ST SAN FRANCISCO CA 941430001,1908,NPI-2,UNIVERSITY OF CALIFORNIA SAN FRANCISCO,UNIVERSITY OF CALIFORNIA SAN FRANCISCO,Clinic/Center End-Stage Renal Disease (ESRD) Treatment,na,na,na,"[{'code': '261QE0700X', 'desc': 'Clinic/Center End-Stage Renal Disease (ESRD) Treatment', 'primary': True, 'state': 'CA', 'license': '220000091'}]",1675 SCOTT ST,SAN FRANCISCO,CA,941430001
0,87,11,12.64367816,26,29.88505747,0,   ,,,,,,,,,,,,,
1154428688,27,4,14.81481481,2,7.407407407,SETON MEDICAL CENTER,1900 SULLIVAN AVE DALY CITY CA 940152200,1926,NPI-2,SETON MEDICAL CENTER,SETON MEDICAL CENTER,General Acute Care Hospital,na,na,na,"[{'code': '282N00000X', 'desc': 'General Acute Care Hospital', 'primary': True, 'state': 'CA', 'license': '220000026'}]",1900 SULLIVAN AVE,DALY CITY,CA,940152200
1902844988,26,1,3.846153846,4,15.38461538,PROVIDENCE LITTLE COMPANY OF MARY MEDICAL CENTER TORRANCE,4101 TORRANCE BLVD TORRANCE CA 905034607,1923,NPI-2,PROVIDENCE HEALTH SYSTEM - SOUTHERN CALIFORNIA,PROVIDENCE HEALTH SYSTEM - SOUTHERN CALIFORNIA,General Acute Care Hospital,na,na,na,"[{'code': '282N00000X', 'desc': 'General Acute Care Hospital', 'primary': True, 'state': 'CA', 'license': '========='}]",4101 TORRANCE BLVD,TORRANCE,CA,905034607
1811080526,21,2,9.523809524,6,28.57142857,CHILDREN'S HOSPITAL OF ORANGE COUNTY,455 S MAIN ST ORANGE CA 928683835,1957,NPI-2,CHILDREN'S HOSPITAL OF ORANGE COUNTY,CHILDREN'S HOSPITAL OF ORANGE COUNTY,General Acute Care Hospital Children,na,na,na,"[{'code': '282NC2000X', 'desc': 'General Acute Care Hospital Children', 'primary': True, 'state': '', 'license': ''}]",455 S MAIN ST,ORANGE,CA,928683835
1639172372,20,1,5,5,25,CEDARS-SINAI MEDICAL CENTER,8700 BEVERLY BLVD LOS ANGELES CA 90048,1944,NPI-2,CEDARS-SINAI MEDICAL CENTER,CEDARS-SINAI MEDICAL CENTER,General Acute Care Hospital,na,na,na,"[{'code': '282N00000X', 'desc': 'General Acute Care Hospital', 'primary': True, 'state': 'CA', 'license': '930000110'}]",8700 BEVERLY BLVD,LOS ANGELES,CA,90048
1174667158,19,,,,,ST. MARY'S MEDICAL CENTER,450 STANYAN ST SAN FRANCISCO CA 941171079,1942,NPI-2,DIGNITY HEALTH,DIGNITY HEALTH,General Acute Care Hospital,na,na,na,"[{'code': '282N00000X', 'desc': 'General Acute Care Hospital', 'primary': True, 'state': 'CA', 'license': '220000071'}]",450 STANYAN ST,SAN FRANCISCO,CA,941171079
1780668434,17,,,2,11.76470588,HENRY MAYO NEWHALL HOSPITAL,23845 MCBEAN PKWY VALENCIA CA 913552001,1949,NPI-2,HENRY MAYO NEWHALL MEMORIAL HOSPITAL,HENRY MAYO NEWHALL MEMORIAL HOSPITAL,General Acute Care Hospital,na,na,na,"[{'code': '282N00000X', 'desc': 'General Acute Care Hospital', 'primary': True, 'state': '', 'license': ''}]",23845 MCBEAN PKWY,VALENCIA,CA,913552001
1467459776,16,1,6.25,2,12.5,TORRANCE MEMORIAL MEDICAL CENTER,3330 LOMITA BLVD TORRANCE CA 905055002,1986,NPI-2,TORRANCE MEMORIAL MEDICAL CENTER,TORRANCE MEMORIAL MEDICAL CENTER,General Acute Care Hospital,na,na,na,"[{'code': '282N00000X', 'desc': 'General Acute Care Hospital', 'primary': True, 'state': 'CA', 'license': '930000076'}]",3330 LOMITA BLVD,TORRANCE,CA,905055002
1306890389,16,1,6.25,3,18.75,LOS ROBLES HOSPITAL & MEDICAL CENTER,215 W JANSS RD THOUSAND OAKS CA 913601847,1905,NPI-2,LOS ROBLES REGIONAL MEDICAL CENTER,LOS ROBLES REGIONAL MEDICAL CENTER,General Acute Care Hospital,na,na,na,"[{'code': '282N00000X', 'desc': 'General Acute Care Hospital', 'primary': True, 'state': '', 'license': ''}]",215 W JANSS RD,THOUSAND OAKS,CA,913601847
1124026273,16,1,6.25,7,43.75,PROVIDENCE SAINT JOHN'S HEALTH CENTER,2121 SANTA MONICA BLVD SANTA MONICA CA 904042303,1956,NPI-2,PROVIDENCE SAINT JOHN'S HEALTH CENTER,PROVIDENCE SAINT JOHN'S HEALTH CENTER,General Acute Care Hospital,na,na,na,"[{'code': '282N00000X', 'desc': 'General Acute Care Hospital', 'primary': True, 'state': 'CA', 'license': '930000158'}]",2121 SANTA MONICA BLVD,SANTA MONICA,CA,904042303
1740348929,12,2,16.66666667,4,33.33333333,CALIFORNIA PACIFIC MEDICAL CENTER,1101 VAN NESS AVE SAN FRANCISCO CA 941096919,1947,NPI-2,SUTTER BAY HOSPITALS,SUTTER BAY HOSPITALS,General Acute Care Hospital,General Acute Care Hospital,na,na,"[{'code': '282N00000X', 'desc': 'General Acute Care Hospital', 'primary': False, 'state': 'CA', 'license': ''}, {'code': '282N00000X', 'desc': 'General Acute Care Hospital', 'primary': True, 'state': 'CA', 'license': '220000197'}]",1101 VAN NESS AVE,SAN FRANCISCO,CA,941096919
1023065729,12,1,8.333333333,4,33.33333333,WEST HILLS HOSPITAL & MEDICAL CENTER,7300 MEDICAL CENTER DR WEST HILLS CA 913071902,1984,NPI-2,WEST HILLS HOSPITAL,WEST HILLS HOSPITAL,General Acute Care Hospital,na,na,na,"[{'code': '282N00000X', 'desc': 'General Acute Care Hospital', 'primary': True, 'state': '', 'license': ''}]",7300 MEDICAL CENTER DR,WEST HILLS,CA,913071902
1265814065,11,1,9.090909091,4,36.36363636,"CALIFORNIA REHABILITATION INSTITUTE, LLC",2070 CENTURY PARK E LOS ANGELES CA 900671907,1974,NPI-2,"CALIFORNIA REHABILITATION INSTITUTE, LLC","CALIFORNIA REHABILITATION INSTITUTE, LLC",Rehabilitation Hospital,na,na,na,"[{'code': '283X00000X', 'desc': 'Rehabilitation Hospital', 'primary': True, 'state': '', 'license': ''}]",2070 CENTURY PARK E,LOS ANGELES,CA,900671907
1841277704,11,3,27.27272727,4,36.36363636,SCRIPPS MEMORIAL HOSPITAL LA JOLLA,9888 GENESEE AVE LA JOLLA CA 920371200,1948,NPI-2,SCRIPPS HEALTH,SCRIPPS HEALTH,General Acute Care Hospital,na,na,na,"[{'code': '282N00000X', 'desc': 'General Acute Care Hospital', 'primary': True, 'state': '', 'license': ''}]",9888 GENESEE AVE,LA JOLLA,CA,920371200
1043502750,11,2,18.18181818,,,CPMC,2333 BUCHANAN ST SAN FRANCISCO CA 941151925,1933,NPI-2,CPMC,CPMC,General Acute Care Hospital,na,na,na,"[{'code': '282N00000X', 'desc': 'General Acute Care Hospital', 'primary': True, 'state': '', 'license': ''}]",2333 BUCHANAN ST,SAN FRANCISCO,CA,941151925
1770532608,11,2,18.18181818,3,27.27272727,SUTTER DAVIS HOSPITAL,2000 SUTTER PLACE DAVIS CA 956166201,1943,NPI-2,SUTTER VALLEY HOSPITALS,SUTTER VALLEY HOSPITALS,General Acute Care Hospital,na,na,na,"[{'code': '282N00000X', 'desc': 'General Acute Care Hospital', 'primary': True, 'state': 'CA', 'license': '030000124'}]",2000 SUTTER PLACE,DAVIS,CA,956166201
1407828429,10,1,10,2,20,HUNTINGTON MEMORIAL HOSPITAL,100 W CALIFORNIA BLVD PASADENA CA 911053010,2015,NPI-2,"PASADENA HOSPITAL ASSOCIATION, LTD","PASADENA HOSPITAL ASSOCIATION, LTD",General Acute Care Hospital,na,na,na,"[{'code': '282N00000X', 'desc': 'General Acute Care Hospital', 'primary': True, 'state': 'CA', 'license': '930000372'}]",100 W CALIFORNIA BLVD,PASADENA,CA,911053010
1336328244,10,3,30,4,40,CENTINELA HOSPITAL MEDICAL CENTER,555 E HARDY ST INGLEWOOD CA 903014011,1953,NPI-2,"PRIME HEALTHCARE CENTINELA, LLC","PRIME HEALTHCARE CENTINELA, LLC",Pediatrics Neonatal-Perinatal Medicine,General Acute Care Hospital,na,na,"[{'code': '2080N0001X', 'desc': 'Pediatrics Neonatal-Perinatal Medicine', 'primary': False, 'state': '', 'license': '', 'taxonomy_group': '193200000X MULTI-SPECIALTY GROUP'}, {'code': '282N00000X', 'desc': 'General Acute Care Hospital', 'primary': True, 'state': 'CA', 'license': '930000027'}]",555 E HARDY ST,INGLEWOOD,CA,903014011
1164609962,10,1,10,3,30,ZUCKERBERG SAN FRANCISCO GENERAL HOSPITAL AND TRAUMA CENTER - ACUTE,1001 POTRERO AVE SAN FRANCISCO CA 941103518,1988,NPI-2,CITY & COUNTY OF SAN FRANCISCO,CITY & COUNTY OF SAN FRANCISCO,General Acute Care Hospital,na,na,na,"[{'code': '282N00000X', 'desc': 'General Acute Care Hospital', 'primary': True, 'state': 'CA', 'license': '220000063'}]",1001 POTRERO AVE,SAN FRANCISCO,CA,941103518
1124073366,10,1,10,3,30,CHILDRENS HOSPITAL OF LOS ANGELES,4650 W SUNSET BLVD LOS ANGELES CA 900276062,1913,NPI-2,CHILDRENS HOSPITAL OF LOS ANGELES,CHILDRENS HOSPITAL OF LOS ANGELES,General Acute Care Hospital Children,na,na,na,"[{'code': '282NC2000X', 'desc': 'General Acute Care Hospital Children', 'primary': True, 'state': 'CA', 'license': '930000032'}]",4650 W SUNSET BLVD,LOS ANGELES,CA,900276062
1952546616,10,3,30,2,20,KECK HOSPITAL OF USC,1500 SAN PABLO STREET LOS ANGELES CA 900339857,1955,NPI-2,UNIVERSITY OF SOUTHERN CALIFORNIA,UNIVERSITY OF SOUTHERN CALIFORNIA,General Acute Care Hospital,na,na,na,"[{'code': '282N00000X', 'desc': 'General Acute Care Hospital', 'primary': True, 'state': 'CA', 'license': '930000459'}]",1500 SAN PABLO STREET,LOS ANGELES,CA,900339857
1417089350,9,2,22.22222222,4,44.44444444,NORTHRIDGE HOSPITAL MEDICAL CENTER,18300 ROSCOE BLVD NORTHRIDGE CA 913254105,1931,NPI-2,DIGNITY COMMUNITY CARE,DIGNITY COMMUNITY CARE,Psychiatric Unit,Rehabilitation Unit,General Acute Care Hospital,na,"[{'code': '273R00000X', 'desc': 'Psychiatric Unit', 'primary': False, 'state': 'CA', 'license': '930000114'}, {'code': '273Y00000X', 'desc': 'Rehabilitation Unit', 'primary': False, 'state': 'CA', 'license': '930000114'}, {'code': '282N00000X', 'desc': 'General Acute Care Hospital', 'primary': True, 'state': 'CA', 'license': '930000114'}]",18300 ROSCOE BLVD,NORTHRIDGE,CA,913254105
1518937051,9,,,2,22.22222222,PENINSULA HOSPITAL AND MILLS HOSPITAL,1501 TROUSDALE DR BURLINGAME CA 940104506,1938,NPI-2,MILLS-PENINSULA HEALTH SERVICES,MILLS-PENINSULA HEALTH SERVICES,Clinical Medical Laboratory,Clinical Medical Laboratory,General Acute Care Hospital,na,"[{'code': '291U00000X', 'desc': 'Clinical Medical Laboratory', 'primary': False, 'state': '', 'license': ''}, {'code': '291U00000X', 'desc': 'Clinical Medical Laboratory', 'primary': False, 'state': 'CA', 'license': ''}, {'code': '282N00000X', 'desc': 'General Acute Care Hospital', 'primary': True, 'state': 'CA', 'license': ''}]",1501 TROUSDALE DR,BURLINGAME,CA,940104506
1013906221,9,1,11.11111111,2,22.22222222,ALTA BATES SUMMIT MEDICAL CENTER - ASHBY,2450 ASHBY AVE BERKELEY CA 947052067,1960,NPI-2,SUTTER EAST BAY HOSPITALS,SUTTER EAST BAY HOSPITALS,Clinical Medical Laboratory,General Acute Care Hospital,na,na,"[{'code': '291U00000X', 'desc': 'Clinical Medical Laboratory', 'primary': False, 'state': 'CA', 'license': '140000004'}, {'code': '282N00000X', 'desc': 'General Acute Care Hospital', 'primary': True, 'state': 'CA', 'license': '14000004'}]",2450 ASHBY AVE,BERKELEY,CA,947052067
1700804200,8,,,2,25,REGENTS OF THE UNIVERSITY OF CALIFORNIA,2315 STOCKTON BLVD SACRAMENTO CA 958172201,1996,NPI-2,REGENTS OF THE UNIVERSITY OF CALIFORNIA,REGENTS OF THE UNIVERSITY OF CALIFORNIA,Rehabilitation Unit,na,na,na,"[{'code': '273Y00000X', 'desc': 'Rehabilitation Unit', 'primary': True, 'state': 'CA', 'license': '030000086'}]",2315 STOCKTON BLVD,SACRAMENTO,CA,958172201
1114901352,8,,,4,50,SHARP ALLISON DEROSE REHABILITATION CENTER,2999 HEALTH CENTER DR SAN DIEGO CA 921232762,1954,NPI-2,SHARP MEMORIAL HOSPITAL,SHARP MEMORIAL HOSPITAL,Rehabilitation Unit,na,na,na,"[{'code': '273Y00000X', 'desc': 'Rehabilitation Unit', 'primary': True, 'state': 'CA', 'license': '080000039'}]",2999 HEALTH CENTER DR,SAN DIEGO,CA,921232762
1336173269,7,,,5,71.42857143,PROVIDENCE SAINT JOSEPH MEDICAL CENTER,501 S BUENA VISTA ST BURBANK CA 915054809,1968,NPI-2,PROVIDENCE HEALTH SYSTEM - SOUTHERN CALIFORNIA,PROVIDENCE HEALTH SYSTEM - SOUTHERN CALIFORNIA,General Acute Care Hospital,na,na,na,"[{'code': '282N00000X', 'desc': 'General Acute Care Hospital', 'primary': True, 'state': '', 'license': ''}]",501 S BUENA VISTA ST,BURBANK,CA,915054809
1053351916,7,2,28.57142857,,,TOM WADDELL CLINIC,50 LECH WALESA SAN FRANCISCO CA 94102,2012,NPI-2,CITY & COUNTY OF SAN FRANCISCO,CITY & COUNTY OF SAN FRANCISCO,Clinic/Center Federally Qualified Health Center (FQHC),Clinic/Center Primary Care,na,na,"[{'code': '261QF0400X', 'desc': 'Clinic/Center Federally Qualified Health Center (FQHC)', 'primary': False, 'state': '', 'license': ''}, {'code': '261QP2300X', 'desc': 'Clinic/Center Primary Care', 'primary': True, 'state': '', 'license': ''}]",50 LECH WALESA,SAN FRANCISCO,CA,94102
1407839921,7,2,28.57142857,,,SHARP MEMORIAL HOSPITAL,7901 FROST ST SAN DIEGO CA 921232701,2002,NPI-2,SHARP MEMORIAL HOSPITAL,SHARP MEMORIAL HOSPITAL,General Acute Care Hospital,General Acute Care Hospital Women,na,na,"[{'code': '282N00000X', 'desc': 'General Acute Care Hospital', 'primary': True, 'state': 'CA', 'license': '080000039'}, {'code': '282NW0100X', 'desc': 'General Acute Care Hospital Women', 'primary': False, 'state': '', 'license': ''}]",7901 FROST ST,SAN DIEGO,CA,921232701
1497702575,6,1,16.66666667,,,ORANGE COAST MEMORIAL MEDICAL CENTER,9920 TALBERT AVE FOUNTAIN VALLEY CA 927085153,2011,NPI-2,ORANGE COAST MEMORIAL MEDICAL CENTER,ORANGE COAST MEMORIAL MEDICAL CENTER,General Acute Care Hospital,na,na,na,"[{'code': '282N00000X', 'desc': 'General Acute Care Hospital', 'primary': True, 'state': 'CA', 'license': '060000066'}]",9920 TALBERT AVE,FOUNTAIN VALLEY,CA,927085153
1811946734,6,1,16.66666667,3,50,SUTTER HEALTH SACRAMENTO SIERRA REGION,2825 CAPITOL AVENUE SACRAMENTO CA 958165616,2037,NPI-2,SUTTER VALLEY HOSPITALS,SUTTER VALLEY HOSPITALS,General Acute Care Hospital,na,na,na,"[{'code': '282N00000X', 'desc': 'General Acute Care Hospital', 'primary': True, 'state': 'CA', 'license': '030000102'}]",2825 CAPITOL AVENUE,SACRAMENTO,CA,958165616
1366401333,6,,,1,16.66666667,REGENTS UNIV OF CALIF LOS ANGELES,757 WESTWOOD PLZ LOS ANGELES CA 900957400,1978,NPI-2,REGENTS UNIV OF CALIF LOS ANGELES,REGENTS UNIV OF CALIF LOS ANGELES,Rehabilitation Unit,na,na,na,"[{'code': '273Y00000X', 'desc': 'Rehabilitation Unit', 'primary': True, 'state': 'CA', 'license': '930000165'}]",757 WESTWOOD PLZ,LOS ANGELES,CA,900957400
1063412005,6,1,16.66666667,1,16.66666667,MEMORIAL HOSPITAL OF GARDENA,1145 W REDONDO BEACH BLVD GARDENA CA 902473528,1921,NPI-2,GARDENA HOSPITAL LP,GARDENA HOSPITAL LP,Skilled Nursing Facility,General Acute Care Hospital,na,na,"[{'code': '314000000X', 'desc': 'Skilled Nursing Facility', 'primary': False, 'state': 'CA', 'license': '930000098'}, {'code': '282N00000X', 'desc': 'General Acute Care Hospital', 'primary': True, 'state': 'CA', 'license': '930000098'}]",1145 W REDONDO BEACH BLVD,GARDENA,CA,902473528
1659359446,6,2,33.33333333,1,16.66666667,SCRIPPS MERCY HOSPITAL,4077 5TH AVE SAN DIEGO CA 921032180,1939,NPI-2,SCRIPPS HEALTH,SCRIPPS HEALTH,General Acute Care Hospital,na,na,na,"[{'code': '282N00000X', 'desc': 'General Acute Care Hospital', 'primary': True, 'state': '', 'license': ''}]",4077 5TH AVE,SAN DIEGO,CA,921032180
1396725677,6,,,2,33.33333333,MARIN GENERAL HOSPITAL,250 BON AIR RD GREENBRAE CA 949041702,1916,NPI-2,MARIN GENERAL HOSPITAL,MARIN GENERAL HOSPITAL,General Acute Care Hospital,na,na,na,"[{'code': '282N00000X', 'desc': 'General Acute Care Hospital', 'primary': True, 'state': 'CA', 'license': '110000361'}]",250 BON AIR RD,GREENBRAE,CA,949041702
1629011945,5,1,20,,,ZUCKERBERG SAN FRANCISCO GENERAL HOSPITAL AND TRAUMA CENTER-PSYCH,1001 POTRERO AVE SAN FRANCISCO CA 941103518,2013,NPI-2,CITY & COUNTY OF SAN FRANCISCO,CITY & COUNTY OF SAN FRANCISCO,Psychiatric Unit,na,na,na,"[{'code': '273R00000X', 'desc': 'Psychiatric Unit', 'primary': True, 'state': '', 'license': ''}]",1001 POTRERO AVE,SAN FRANCISCO,CA,941103518
1659439834,5,,,1,20,SUTTER WEST BAY HOSPITALS,601 DUBOCE AVE SAN FRANCISCO CA 941173389,1946,NPI-2,SUTTER BAY HOSPITALS,SUTTER BAY HOSPITALS,General Acute Care Hospital,General Acute Care Hospital,Clinical Medical Laboratory,na,"[{'code': '282N00000X', 'desc': 'General Acute Care Hospital', 'primary': True, 'state': 'CA', 'license': '220000197'}, {'code': '282N00000X', 'desc': 'General Acute Care Hospital', 'primary': False, 'state': 'CA', 'license': ''}, {'code': '291U00000X', 'desc': 'Clinical Medical Laboratory', 'primary': False, 'state': 'CA', 'license': '05D0962082'}]",601 DUBOCE AVE,SAN FRANCISCO,CA,941173389
1972541498,5,1,20,1,20,MERCY SAN JUAN MEDICAL CENTER,6501 COYLE AVE CARMICHAEL CA 956080306,2065,NPI-2,DIGNITY HEALTH,DIGNITY HEALTH,Clinic/Center Adult Mental Health,General Acute Care Hospital,na,na,"[{'code': '261QM0850X', 'desc': 'Clinic/Center Adult Mental Health', 'primary': False, 'state': '', 'license': ''}, {'code': '282N00000X', 'desc': 'General Acute Care Hospital', 'primary': True, 'state': 'CA', 'license': '030000063'}]",6501 COYLE AVE,CARMICHAEL,CA,956080306
1457321317,5,2,40,1,20,PALOMAR MEDICAL CENTER ESCONDIDO,2185 CITRACADO PKWY ESCONDIDO CA 920294159,1992,NPI-2,PALOMAR HEALTH,PALOMAR HEALTH,Clinic/Center,Psychiatric Unit,Rehabilitation Unit,General Acute Care Hospital,"[{'code': '261Q00000X', 'desc': 'Clinic/Center', 'primary': False, 'state': '', 'license': ''}, {'code': '273R00000X', 'desc': 'Psychiatric Unit', 'primary': False, 'state': '', 'license': ''}, {'code': '273Y00000X', 'desc': 'Rehabilitation Unit', 'primary': False, 'state': 'CA', 'license': ''}, {'code': '282N00000X', 'desc': 'General Acute Care Hospital', 'primary': True, 'state': 'CA', 'license': '080000083'}, {'code': '282N00000X', 'desc': 'General Acute Care Hospital', 'primary': False, 'state': '', 'license': ''}]",2185 CITRACADO PKWY,ESCONDIDO,CA,920294159
1518951300,5,2,40,2,40,HOAG MEMORIAL HOSPITAL PRESBYTERIAN,ONE HOAG DRIVE NEWPORT BEACH CA 92663,2016,NPI-2,HOAG MEMORIAL HOSPITAL PRESBYTERIAN,HOAG MEMORIAL HOSPITAL PRESBYTERIAN,General Acute Care Hospital,na,na,na,"[{'code': '282N00000X', 'desc': 'General Acute Care Hospital', 'primary': True, 'state': 'CA', 'license': '060000122'}]",ONE HOAG DRIVE,NEWPORT BEACH,CA,92663
1639172133,4,1,25,,,"VIBRA HOSPITAL OF SAN DIEGO, LLC",555 WASHINGTON ST SAN DIEGO CA 921032289,2029,NPI-2,"VIBRA HOSPITAL OF SAN DIEGO, LLC","VIBRA HOSPITAL OF SAN DIEGO, LLC",Long Term Care Hospital,na,na,na,"[{'code': '282E00000X', 'desc': 'Long Term Care Hospital', 'primary': True, 'state': 'CA', 'license': '090000404'}]",555 WASHINGTON ST,SAN DIEGO,CA,921032289
1720088354,4,,,1,25,RIDEOUT MEMORIAL HOSPITAL,726 4TH ST MARYSVILLE CA 959015656,2039,NPI-2,RIDEOUT MEMORIAL HOSPITAL,RIDEOUT MEMORIAL HOSPITAL,General Acute Care Hospital,na,na,na,"[{'code': '282N00000X', 'desc': 'General Acute Care Hospital', 'primary': True, 'state': 'CA', 'license': '230000126'}]",726 4TH ST,MARYSVILLE,CA,959015656
1104906569,4,,,,,COMMUNITY REGIONAL MEDICAL CENTER,2823 FRESNO ST FRESNO CA 937211324,1994,NPI-2,FRESNO COMMUNITY HOSPITAL AND MEDICAL CENTER,FRESNO COMMUNITY HOSPITAL AND MEDICAL CENTER,General Acute Care Hospital,na,na,na,"[{'code': '282N00000X', 'desc': 'General Acute Care Hospital', 'primary': True, 'state': 'CA', 'license': '040000096'}]",2823 FRESNO ST,FRESNO,CA,937211324
1942269725,4,2,50,2,50,MARINA DEL REY HOSPITAL,4650 LINCOLN BLVD MARINA DEL REY CA 902926306,1983,NPI-2,CFHS HOLDINGS INC,CFHS HOLDINGS INC,General Acute Care Hospital,na,na,na,"[{'code': '282N00000X', 'desc': 'General Acute Care Hospital', 'primary': True, 'state': 'CA', 'license': '930000096'}]",4650 LINCOLN BLVD,MARINA DEL REY,CA,902926306
1124098421,4,1,25,1,25,RENOWN REGIONAL MEDICAL CENTER,1155 MILL STREET RENO NV 895021474,1927,NPI-2,RENOWN REGIONAL MEDICAL CENTER,RENOWN REGIONAL MEDICAL CENTER,General Acute Care Hospital,na,na,na,"[{'code': '282N00000X', 'desc': 'General Acute Care Hospital', 'primary': True, 'state': 'NV', 'license': '669HOS-13'}]",1155 MILL STREET,RENO,NV,895021474
1831188275,4,,,1,25,ADVENTIST HEALTH GLENDALE,1509 WILSON TER GLENDALE CA 912064007,1987,NPI-2,GLENDALE ADVENTIST MEDICAL CENTER,GLENDALE ADVENTIST MEDICAL CENTER,General Acute Care Hospital,na,na,na,"[{'code': '282N00000X', 'desc': 'General Acute Care Hospital', 'primary': True, 'state': 'CA', 'license': '930000059'}]",1509 WILSON TER,GLENDALE,CA,912064007
1477587632,4,,,1,25,PROVIDENCE HOLY CROSS MEDICAL CENTER,15031 RINALDI ST MISSION HILLS CA 91345,1934,NPI-2,PROVIDENCE HEALTH SYSTEM - SOUTHERN CALIFORNIA,PROVIDENCE HEALTH SYSTEM - SOUTHERN CALIFORNIA,General Acute Care Hospital,na,na,na,"[{'code': '282N00000X', 'desc': 'General Acute Care Hospital', 'primary': True, 'state': '', 'license': ''}]",15031 RINALDI ST,MISSION HILLS,CA,91345
1043215379,4,1,25,1,25,PIH HEALTH HOSPITAL WHITTIER,12401 WASHINGTON BLVD WHITTIER CA 906021006,1991,NPI-2,PIH HEALTH WHITTIER HOSPITAL,PIH HEALTH WHITTIER HOSPITAL,General Acute Care Hospital,na,na,na,"[{'code': '282N00000X', 'desc': 'General Acute Care Hospital', 'primary': True, 'state': 'CA', 'license': '930000129'}]",12401 WASHINGTON BLVD,WHITTIER,CA,906021006
1730238007,4,1,25,3,75,CALIFORNIA PACIFIC MEDICAL CENTER - MISSION BERNAL CAMPUS,3555 CESAR CHAVEZ SAN FRANCISCO CA 941104403,1950,NPI-2,SUTTER BAY HOSPITALS,SUTTER BAY HOSPITALS,General Acute Care Hospital,General Acute Care Hospital,Long Term Care Hospital,Long Term Care Hospital,"[{'code': '282N00000X', 'desc': 'General Acute Care Hospital', 'primary': True, 'state': 'CA', 'license': '220000070'}, {'code': '282N00000X', 'desc': 'General Acute Care Hospital', 'primary': False, 'state': 'CA', 'license': ''}, {'code': '282E00000X', 'desc': 'Long Term Care Hospital', 'primary': False, 'state': 'CA', 'license': ''}, {'code': '282E00000X', 'desc': 'Long Term Care Hospital', 'primary': False, 'state': 'CA', 'license': '220000070'}]",3555 CESAR CHAVEZ,SAN FRANCISCO,CA,941104403
1821002007,4,,,1,25,FOUNTAIN VALLEY REGIONAL HOSPITAL,17100 EUCLID ST FOUNTAIN VALLEY CA 927084004,2005,NPI-2,FOUNTAIN VALLEY REGIONAL HOSPITAL & MEDICAL CENTER,FOUNTAIN VALLEY REGIONAL HOSPITAL & MEDICAL CENTER,General Acute Care Hospital,na,na,na,"[{'code': '282N00000X', 'desc': 'General Acute Care Hospital', 'primary': True, 'state': 'CA', 'license': '06000109'}]",17100 EUCLID ST,FOUNTAIN VALLEY,CA,927084004
1245371343,3,,,1,33.33333333,OLYMPIA MEDICAL CENTER,5900 W OLYMPIC BLVD LOS ANGELES CA 900364671,2047,NPI-2,OLYMPIA HEALTH CARE LLC,OLYMPIA HEALTH CARE LLC,General Acute Care Hospital,na,na,na,"[{'code': '282N00000X', 'desc': 'General Acute Care Hospital', 'primary': True, 'state': 'CA', 'license': '93000105'}]",5900 W OLYMPIC BLVD,LOS ANGELES,CA,900364671
1780708362,3,1,33.33333333,,,SAINT FRANCIS MEMORIAL HOSPITAL,900 HYDE ST SAN FRANCISCO CA 941094806,1982,NPI-2,SAINT FRANCIS MEMORIAL HOSPITAL,SAINT FRANCIS MEMORIAL HOSPITAL,Psychiatric Unit,na,na,na,"[{'code': '273R00000X', 'desc': 'Psychiatric Unit', 'primary': True, 'state': 'CA', 'license': '220000069'}]",900 HYDE ST,SAN FRANCISCO,CA,941094806
1578529285,3,1,33.33333333,1,33.33333333,VALLEY PRESBYTERIAN HOSPITAL,15107 VANOWEN ST VAN NUYS CA 914054542,2035,NPI-2,VALLEY PRESBYTERIAN HOSPITAL,VALLEY PRESBYTERIAN HOSPITAL,Rehabilitation Unit,General Acute Care Hospital,na,na,"[{'code': '273Y00000X', 'desc': 'Rehabilitation Unit', 'primary': False, 'state': 'CA', 'license': '930000170'}, {'code': '282N00000X', 'desc': 'General Acute Care Hospital', 'primary': True, 'state': '', 'license': ''}]",15107 VANOWEN ST,VAN NUYS,CA,914054542
1396728630,3,1,33.33333333,1,33.33333333,SHARP CHULA VISTA MEDICAL CENTER,751 MEDICAL CENTER CT CHULA VISTA CA 919116617,2032,NPI-2,SHARP CHULA VISTA MEDICAL CENTER,SHARP CHULA VISTA MEDICAL CENTER,General Acute Care Hospital,na,na,na,"[{'code': '282N00000X', 'desc': 'General Acute Care Hospital', 'primary': True, 'state': 'CA', 'license': '090000008'}]",751 MEDICAL CENTER CT,CHULA VISTA,CA,919116617
1356390264,3,,,,,SUTTER ROSEVILLE MEDICAL CENTER,1 MEDICAL PLAZA DR ROSEVILLE CA 956613037,1980,NPI-2,SUTTER VALLEY HOSPITALS,SUTTER VALLEY HOSPITALS,General Acute Care Hospital,na,na,na,"[{'code': '282N00000X', 'desc': 'General Acute Care Hospital', 'primary': True, 'state': 'CA', 'license': '030000083'}]",1 MEDICAL PLAZA DR,ROSEVILLE,CA,956613037
1962442012,3,,,1,33.33333333,LONG BEACH MEMORIAL MEDICAL,2801 ATLANTIC AVE LONG BEACH CA 90806,2060,NPI-2,LONG BEACH MEMORIAL MEDICAL,LONG BEACH MEMORIAL MEDICAL,General Acute Care Hospital,na,na,na,"[{'code': '282N00000X', 'desc': 'General Acute Care Hospital', 'primary': True, 'state': 'CA', 'license': '93000102'}]",2801 ATLANTIC AVE,LONG BEACH,CA,90806
1821147786,3,,,,,DBA NORTHBAY MEDICAL CENTER,4500 BUSINESS CENTER DR FAIRFIELD CA 945346888,1989,NPI-2,NORTHBAY HEALTHCARE GROUP,NORTHBAY HEALTHCARE GROUP,General Acute Care Hospital,na,na,na,"[{'code': '282N00000X', 'desc': 'General Acute Care Hospital', 'primary': True, 'state': 'CA', 'license': '110000093'}]",4500 BUSINESS CENTER DR,FAIRFIELD,CA,945346888
1316061997,3,,,,,SAINT FRANCIS MEMORIAL HOSPITAL,900 HYDE ST SAN FRANCISCO CA 941094806,2048,NPI-2,SAINT FRANCIS MEMORIAL HOSPITAL,SAINT FRANCIS MEMORIAL HOSPITAL,General Acute Care Hospital,na,na,na,"[{'code': '282N00000X', 'desc': 'General Acute Care Hospital', 'primary': True, 'state': 'CA', 'license': '220000069'}]",900 HYDE ST,SAN FRANCISCO,CA,941094806
1245221050,3,,,,,SOUTHWEST HEALTHCARE SYSTEM RANCHO SPRINGS CAMPUS,25500 MEDICAL CENTER DR MURRIETA CA 925625965,2038,NPI-2,UNIVERSAL HEALTH SERVICES OF RANCHO SPRINGS INC,UNIVERSAL HEALTH SERVICES OF RANCHO SPRINGS INC,General Acute Care Hospital,na,na,na,"[{'code': '282N00000X', 'desc': 'General Acute Care Hospital', 'primary': True, 'state': 'CA', 'license': '250000262'}]",25500 MEDICAL CENTER DR,MURRIETA,CA,925625965
1467442749,3,,,,,LUCILE SALTER PACKARD CHILDREN'S HOSPITAL AT STANFORD,725 WELCH RD PALO ALTO CA 943041601,2040,NPI-2,LUCILE SALTER PACKARD CHILDREN'S HOSPITAL AT STANFORD,LUCILE SALTER PACKARD CHILDREN'S HOSPITAL AT STANFORD,General Acute Care Hospital Children,na,na,na,"[{'code': '282NC2000X', 'desc': 'General Acute Care Hospital Children', 'primary': True, 'state': '', 'license': ''}]",725 WELCH RD,PALO ALTO,CA,943041601
1871543215,3,,,,,STANFORD HOSPITAL AND CLINICS,300 PASTEUR DR STANFORD CA 943052200,2056,NPI-2,STANFORD HEALTH CARE,STANFORD HEALTH CARE,General Acute Care Hospital,na,na,na,"[{'code': '282N00000X', 'desc': 'General Acute Care Hospital', 'primary': True, 'state': 'CA', 'license': '070000662'}]",300 PASTEUR DR,STANFORD,CA,943052200
EI95488125,3,,,1,33.33333333,0,   ,,,,,,,,,,,,,
1740215219,3,,,,,"JOHN MUIR HEALTH, WALNUT CREEK MEDICAL CENTER",1601 YGNACIO VALLEY RD WALNUT CREEK CA 945983122,1971,NPI-2,JOHN MUIR HEALTH,JOHN MUIR HEALTH,General Acute Care Hospital,na,na,na,"[{'code': '282N00000X', 'desc': 'General Acute Care Hospital', 'primary': True, 'state': 'CA', 'license': '140000265'}]",1601 YGNACIO VALLEY RD,WALNUT CREEK,CA,945983122
1528041811,3,1,33.33333333,1,33.33333333,SHARP GROSSMONT HOSPITAL,5555 GROSSMONT CENTER DR LA MESA CA 919423019,1945,NPI-2,GROSSMONT HOSPITAL CORPORATION,GROSSMONT HOSPITAL CORPORATION,General Acute Care Hospital,na,na,na,"[{'code': '282N00000X', 'desc': 'General Acute Care Hospital', 'primary': True, 'state': 'CA', 'license': '080000006'}]",5555 GROSSMONT CENTER DR,LA MESA,CA,919423019
1750491247,3,2,66.66666667,1,33.33333333,SHERMAN OAKS HOSPITAL,4929 VAN NUYS BLVD. SHERMAN OAKS CA 914031702,1993,NPI-2,"PRIME HEALTHCARE SERVICES - SHERMAN OAKS, LLC","PRIME HEALTHCARE SERVICES - SHERMAN OAKS, LLC",General Acute Care Hospital,na,na,na,"[{'code': '282N00000X', 'desc': 'General Acute Care Hospital', 'primary': True, 'state': 'CA', 'license': '930000149'}]",4929 VAN NUYS BLVD.,SHERMAN OAKS,CA,914031702
1023010113,3,1,33.33333333,,,"SOUTHERN CALIFORNIA HOSPITAL AT HOLLYWOOD, AT VAN NUYS, AT CULVER CITY",6245 DE LONGPRE AVE HOLLYWOOD CA 900288253,1920,NPI-2,"SOUTHERN CALIFORNIA HEALTHCARE SYSTEM, INC","SOUTHERN CALIFORNIA HEALTHCARE SYSTEM, INC",General Acute Care Hospital,na,na,na,"[{'code': '282N00000X', 'desc': 'General Acute Care Hospital', 'primary': True, 'state': 'CA', 'license': '930000066'}]",6245 DE LONGPRE AVE,HOLLYWOOD,CA,900288253
1699868398,3,2,66.66666667,1,33.33333333,CHILDREN'S HOSPITAL AT MISSION,455 S MAIN ST ORANGE CA 928683835,1969,NPI-2,CHILDREN'S HOSPITAL AT MISSION,CHILDREN'S HOSPITAL AT MISSION,General Acute Care Hospital Children,na,na,na,"[{'code': '282NC2000X', 'desc': 'General Acute Care Hospital Children', 'primary': True, 'state': '', 'license': ''}]",455 S MAIN ST,ORANGE,CA,928683835
EI22222222,2,,,1,50,0,   ,,,,,,,,,,,,,
1083888515,2,,,,,SACRED HEART-RIVERBEND,3333 RIVERBEND DRIVE SPRINGFIELD OR 97477,1979,NPI-2,PEACEHEALTH,PEACEHEALTH,General Acute Care Hospital,na,na,na,"[{'code': '282N00000X', 'desc': 'General Acute Care Hospital', 'primary': True, 'state': '', 'license': ''}]",3333 RIVERBEND DRIVE,SPRINGFIELD,OR,97477
1114971660,2,1,50,,,RIVERSIDE COMMUNITY HOSPITAL,4445 MAGNOLIA AVE RIVERSIDE CA 925014135,2081,NPI-2,"RIVERSIDE HEALTHCARE SYSTEM, L.P.","RIVERSIDE HEALTHCARE SYSTEM, L.P.",General Acute Care Hospital,na,na,na,"[{'code': '282N00000X', 'desc': 'General Acute Care Hospital', 'primary': True, 'state': '', 'license': ''}]",4445 MAGNOLIA AVE,RIVERSIDE,CA,925014135
1134564693,2,,,,,VIBRA HOSPITAL OF SACRAMENTO,330 MONTROSE DR FOLSOM CA 956302720,1937,NPI-2,VIBRA HOSPITAL OF SACRAMENTO LLC,VIBRA HOSPITAL OF SACRAMENTO LLC,Long Term Care Hospital,na,na,na,"[{'code': '282E00000X', 'desc': 'Long Term Care Hospital', 'primary': True, 'state': 'CA', 'license': ''}]",330 MONTROSE DR,FOLSOM,CA,956302720
1720371065,2,,,2,100,COMMUNITY HOSPITAL LONG BEACH,1720 TERMINO AVE LONG BEACH CA 90804,2085,NPI-2,LONG BEACH MEMORIAL MEDICAL,LONG BEACH MEMORIAL MEDICAL,General Acute Care Hospital,na,na,na,"[{'code': '282N00000X', 'desc': 'General Acute Care Hospital', 'primary': True, 'state': '', 'license': ''}]",1720 TERMINO AVE,LONG BEACH,CA,90804
1063495190,2,,,,,SIMI VALLEY HOSPITAL AND HEALTH CARE SERVICES,2975 SYCAMORE DR SIMI VALLEY CA 930651201,1958,NPI-2,SIMI VALLEY HOSPITAL AND HEALTH CARE SERVICES,SIMI VALLEY HOSPITAL AND HEALTH CARE SERVICES,General Acute Care Hospital,na,na,na,"[{'code': '282N00000X', 'desc': 'General Acute Care Hospital', 'primary': True, 'state': 'CA', 'license': '050000216'}]",2975 SYCAMORE DR,SIMI VALLEY,CA,930651201
1083622120,2,,,1,50,"PRIME HEALTHCARE HUNTINGTON BEACH, LLC",17772 BEACH BLVD HUNTINGTON BEACH CA 926476819,2084,NPI-2,"PRIME HEALTHCARE HUNTINGTON BEACH, LLC","PRIME HEALTHCARE HUNTINGTON BEACH, LLC",General Acute Care Hospital,na,na,na,"[{'code': '282N00000X', 'desc': 'General Acute Care Hospital', 'primary': True, 'state': '', 'license': ''}]",17772 BEACH BLVD,HUNTINGTON BEACH,CA,926476819
1104982917,2,,,,,ST LUKES ROOSEVELT HOSPITAL CENTER,1000 10TH AVE NEW YORK NY 10019,1925,NPI-2,ST LUKES ROOSEVELT HOSPITAL CENTER,ST LUKES ROOSEVELT HOSPITAL CENTER,Case Management,Psychiatric Unit,Rehabilitation Unit,"Rehabilitation, Substance Use Disorder Unit","[{'code': '251B00000X', 'desc': 'Case Management', 'primary': False, 'state': '', 'license': ''}, {'code': '273R00000X', 'desc': 'Psychiatric Unit', 'primary': False, 'state': 'NY', 'license': '7002032H'}, {'code': '273Y00000X', 'desc': 'Rehabilitation Unit', 'primary': False, 'state': 'NY', 'license': '7002032H'}, {'code': '276400000X', 'desc': 'Rehabilitation, Substance Use Disorder Unit', 'primary': False, 'state': 'NY', 'license': '7002032H'}, {'code': '341600000X', 'desc': 'Ambulance', 'primary': False, 'state': 'NY', 'license': '7002032H'}, {'code': '282N00000X', 'desc': 'General Acute Care Hospital', 'primary': True, 'state': 'NY', 'license': '7002032H'}]",1000 10TH AVE,NEW YORK,NY,10019
1891904942,2,,,1,50,PROVIDENCE ST. JUDE MEDICAL CENTER,2767 E IMPERIAL HWY BREA CA 928216713,1998,NPI-2,ST JUDE HOSPITAL INC,ST JUDE HOSPITAL INC,General Acute Care Hospital,na,na,na,"[{'code': '282N00000X', 'desc': 'General Acute Care Hospital', 'primary': True, 'state': 'CA', 'license': '060000173'}]",2767 E IMPERIAL HWY,BREA,CA,928216713
1801861190,2,,,2,100,TRI-CITY MEDICAL CENTER,4002 VISTA WAY OCEANSIDE CA 920564506,2106,NPI-2,TRI-CITY HOSPITAL,TRI-CITY HOSPITAL,General Acute Care Hospital,na,na,na,"[{'code': '282N00000X', 'desc': 'General Acute Care Hospital', 'primary': True, 'state': 'CA', 'license': '080000099'}]",4002 VISTA WAY,OCEANSIDE,CA,920564506
1003961251,2,,,,,CHILDREN'S HOSP MED CTR OF NO CALIFORNIA,747 52ND ST OAKLAND CA 946091809,1930,NPI-2,CHILDREN'S HOSPITAL & RESEARCH CENTER AT OAKLAND,CHILDREN'S HOSPITAL & RESEARCH CENTER AT OAKLAND,General Acute Care Hospital,na,na,na,"[{'code': '282N00000X', 'desc': 'General Acute Care Hospital', 'primary': True, 'state': 'CA', 'license': '140000015'}]",747 52ND ST,OAKLAND,CA,946091809
1891938122,2,1,50,,,AHMC ANAHEIM REGIONAL MEDICAL CENTER,1111 W LA PALMA AVE ANAHEIM CA 928012804,2006,NPI-2,AHMC ANAHEIM REGIONAL MEDICAL,AHMC ANAHEIM REGIONAL MEDICAL,General Acute Care Hospital,na,na,na,"[{'code': '282N00000X', 'desc': 'General Acute Care Hospital', 'primary': True, 'state': 'CA', 'license': '060000080'}]",1111 W LA PALMA AVE,ANAHEIM,CA,928012804
1609824010,2,,,,,OREGON HEALTH & SCIENCE UNIVERSITY,3181 SW SAM JACKSON PARK RD PORTLAND OR 972393011,2049,NPI-2,OREGON HEALTH & SCIENCE UNIVERSITY,OREGON HEALTH & SCIENCE UNIVERSITY,General Practice,General Acute Care Hospital,na,na,"[{'code': '208D00000X', 'desc': 'General Practice', 'primary': False, 'state': '', 'license': '', 'taxonomy_group': '193200000X MULTI-SPECIALTY GROUP'}, {'code': '282N00000X', 'desc': 'General Acute Care Hospital', 'primary': True, 'state': 'OR', 'license': '141008'}]",3181 SW SAM JACKSON PARK RD,PORTLAND,OR,972393011
1194774299,2,1,50,1,50,SUTTER AUBURN FAITH HOSPITAL,11815 EDUCATION STREET AUBURN CA 956022410,2025,NPI-2,SUTTER VALLEY HOSPITALS,SUTTER VALLEY HOSPITALS,General Acute Care Hospital,na,na,na,"[{'code': '282N00000X', 'desc': 'General Acute Care Hospital', 'primary': True, 'state': 'CA', 'license': '030000012'}]",11815 EDUCATION STREET,AUBURN,CA,956022410
1144389941,2,,,1,50,THE HOSPITAL COMMITTEE FOR THE VALLEY MEMORIAL,5555 W LAS POSITAS BLVD PLEASANTON CA 945884000,2019,NPI-2,THE HOSPITAL COMMITTEE FOR THE LIVERMORE-PLEASANTON AREAS,THE HOSPITAL COMMITTEE FOR THE LIVERMORE-PLEASANTON AREAS,General Acute Care Hospital,na,na,na,"[{'code': '282N00000X', 'desc': 'General Acute Care Hospital', 'primary': True, 'state': 'CA', 'license': '140000114'}]",5555 W LAS POSITAS BLVD,PLEASANTON,CA,945884000
1952445959,2,,,,,ST. MARY'S MEDICAL CENTER,450 STANYAN ST SAN FRANCISCO CA 941171079,1959,NPI-2,DIGNITY HEALTH,DIGNITY HEALTH,Rehabilitation Unit,na,na,na,"[{'code': '273Y00000X', 'desc': 'Rehabilitation Unit', 'primary': True, 'state': 'CA', 'license': '220000071'}]",450 STANYAN ST,SAN FRANCISCO,CA,941171079
1962568337,2,1,50,,,LAC-USC MEDICAL CENTER,1200 N STATE ST LOS ANGELES CA 900331029,1936,NPI-2,COUNTY OF LOS ANGELES AUDITOR CONTROLLER,COUNTY OF LOS ANGELES AUDITOR CONTROLLER,General Acute Care Hospital,na,na,na,"[{'code': '282N00000X', 'desc': 'General Acute Care Hospital', 'primary': True, 'state': 'CA', 'license': '60000130'}]",1200 N STATE ST,LOS ANGELES,CA,900331029
1376513754,2,2,100,,,PALOMAR MEDICAL CENTER POWAY,15615 POMERADO ROAD POWAY CA 92064,2073,NPI-2,PALOMAR HEALTH,PALOMAR HEALTH,General Acute Care Hospital,General Acute Care Hospital,na,na,"[{'code': '282N00000X', 'desc': 'General Acute Care Hospital', 'primary': True, 'state': '', 'license': ''}, {'code': '282N00000X', 'desc': 'General Acute Care Hospital', 'primary': False, 'state': 'CA', 'license': '080000127'}]",15615 POMERADO ROAD,POWAY,CA,92064
1700829199,2,1,50,1,50,SCRIPPS MEMORIAL HOSPITAL ENCINITAS,354 SANTA FE DR ENCINITAS CA 920245142,1967,NPI-2,SCRIPPS HEALTH,SCRIPPS HEALTH,General Acute Care Hospital,na,na,na,"[{'code': '282N00000X', 'desc': 'General Acute Care Hospital', 'primary': True, 'state': 'CA', 'license': '08 0000148'}]",354 SANTA FE DR,ENCINITAS,CA,920245142
1508859323,2,,,,,GOOD SAMARITAN HOSPITAL,1225 WILSHIRE BLVD LOS ANGELES CA 900171901,1975,NPI-2,PIH HEALTH GOOD SAMARITAN HOSPITAL,PIH HEALTH GOOD SAMARITAN HOSPITAL,General Acute Care Hospital,na,na,na,"[{'code': '282N00000X', 'desc': 'General Acute Care Hospital', 'primary': True, 'state': 'CA', 'license': '930000071'}]",1225 WILSHIRE BLVD,LOS ANGELES,CA,900171901
1275576381,2,,,1,50,SADDLEBACK MEMORIAL MEDICAL CENTER,24451 HEALTH CENTER DR LAGUNA HILLS CA 92653,1997,NPI-2,SADDLEBACK MEMORIAL MEDICAL CENTER,SADDLEBACK MEMORIAL MEDICAL CENTER,General Acute Care Hospital,na,na,na,"[{'code': '282N00000X', 'desc': 'General Acute Care Hospital', 'primary': True, 'state': 'CA', 'license': '060000166'}]",24451 HEALTH CENTER DR,LAGUNA HILLS,CA,92653
1235253816,2,,,,,SAINT FRANCIS MEMORIAL HOSPITAL,900 HYDE ST SAN FRANCISCO CA 941094806,1981,NPI-2,SAINT FRANCIS MEMORIAL HOSPITAL,SAINT FRANCIS MEMORIAL HOSPITAL,Rehabilitation Unit,na,na,na,"[{'code': '273Y00000X', 'desc': 'Rehabilitation Unit', 'primary': True, 'state': 'CA', 'license': '220000069'}]",900 HYDE ST,SAN FRANCISCO,CA,941094806
1497705834,2,1,50,,,SACRAMENTO VAMC,10535 HOSPITAL WAY MATHER CA 956554200,2018,NPI-2,MARTINEZ VAMC,MARTINEZ VAMC,General Acute Care Hospital,na,na,na,"[{'code': '282N00000X', 'desc': 'General Acute Care Hospital', 'primary': True, 'state': '', 'license': ''}]",10535 HOSPITAL WAY,MATHER,CA,956554200
SY15358485,2,,,2,100,0,   ,,,,,,,,,,,,,
1912914821,2,,,,,LOMA LINDA UNIVERSITY MEDICAL CENTER,11234 ANDERSON ST LOMA LINDA CA 923542804,2061,NPI-2,"SEVENTH-DAY ADVENTISTS LOMA LINDA UNIVERSITY MEDICAL CENTER, INC.","SEVENTH-DAY ADVENTISTS LOMA LINDA UNIVERSITY MEDICAL CENTER, INC.",Rehabilitation Unit,General Acute Care Hospital,na,na,"[{'code': '273Y00000X', 'desc': 'Rehabilitation Unit', 'primary': False, 'state': 'CA', 'license': '240000169'}, {'code': '282N00000X', 'desc': 'General Acute Care Hospital', 'primary': True, 'state': 'CA', 'license': '240000169'}]",11234 ANDERSON ST,LOMA LINDA,CA,923542804
1114367497,2,1,50,,,"MARTIN LUTHER KING, JR. COMMUNITY HOSPITAL",1680 E 120TH ST LOS ANGELES CA 900593026,2001,NPI-2,"MARTIN LUTHER KING, JR. - LOS ANGELES (MLK-LA) HEALTHCARE CORPORATION","MARTIN LUTHER KING, JR. - LOS ANGELES (MLK-LA) HEALTHCARE CORPORATION",General Acute Care Hospital,na,na,na,"[{'code': '282N00000X', 'desc': 'General Acute Care Hospital', 'primary': True, 'state': '', 'license': ''}]",1680 E 120TH ST,LOS ANGELES,CA,900593026
1821250762,2,,,1,50,PROVIDENCE CEDARS-SINAI TARZANA MEDICAL CENTER,18321 CLARK ST TARZANA CA 913563501,1918,NPI-2,TARZANA MEDICAL CENTER LLC,TARZANA MEDICAL CENTER LLC,General Acute Care Hospital,na,na,na,"[{'code': '282N00000X', 'desc': 'General Acute Care Hospital', 'primary': True, 'state': '', 'license': ''}]",18321 CLARK ST,TARZANA,CA,913563501
1922116037,2,,,1,50,WOODLAND MEMORIAL HOSPITAL,1325 COTTONWOOD ST WOODLAND CA 956955131,1951,NPI-2,DIGNITY COMMUNITY CARE,DIGNITY COMMUNITY CARE,Psychiatric Unit,General Acute Care Hospital,na,na,"[{'code': '273R00000X', 'desc': 'Psychiatric Unit', 'primary': False, 'state': 'CA', 'license': '030000115'}, {'code': '282N00000X', 'desc': 'General Acute Care Hospital', 'primary': True, 'state': 'CA', 'license': '030000115'}]",1325 COTTONWOOD ST,WOODLAND,CA,956955131
EI11111111,2,1,50,,,0,   ,,,,,,,,,,,,,
1902964109,2,,,,,CALIFORNIA PACIFIC MEDICAL CENTER,2333 BUCHANAN STREET SAN FRANCISCO CA 94115,1952,NPI-2,SUTTER WEST BAY HOSPITALS,SUTTER WEST BAY HOSPITALS,General Acute Care Hospital,na,na,na,"[{'code': '282N00000X', 'desc': 'General Acute Care Hospital', 'primary': True, 'state': 'CA', 'license': '220000197'}]",2333 BUCHANAN STREET,SAN FRANCISCO,CA,94115
1679816201,2,1,50,,,TEMECULA VALLEY HOSPITAL,31700 TEMECULA PKWY TEMECULA CA 925925896,2022,NPI-2,TEMECULA VALLEY HOSPITAL INC,TEMECULA VALLEY HOSPITAL INC,General Acute Care Hospital,na,na,na,"[{'code': '282N00000X', 'desc': 'General Acute Care Hospital', 'primary': True, 'state': 'CA', 'license': '550002434'}]",31700 TEMECULA PKWY,TEMECULA,CA,925925896
1801821376,2,,,1,50,"JOHN MUIR HEALTH MEDICAL CENTER, CONCORD CAMPUS",2540 EAST ST CONCORD CA 945201906,1963,NPI-2,JOHN MUIR HEALTH,JOHN MUIR HEALTH,General Acute Care Hospital,na,na,na,"[{'code': '282N00000X', 'desc': 'General Acute Care Hospital', 'primary': True, 'state': 'CA', 'license': '140000128'}]",2540 EAST ST,CONCORD,CA,945201906
1366686248,2,,,,,SUTTER SOLANO MEDICAL CENTER,300 HOSPITAL DRIVE VALLEJO CA 945892574,1961,NPI-2,SUTTER VALLEY HOSPITALS,SUTTER VALLEY HOSPITALS,General Acute Care Hospital,na,na,na,"[{'code': '282N00000X', 'desc': 'General Acute Care Hospital', 'primary': True, 'state': 'CA', 'license': '110000082'}]",300 HOSPITAL DRIVE,VALLEJO,CA,945892574
1265468946,2,,,,,ALVARADO HOSPITAL,6655 ALVARADO RD SAN DIEGO CA 921205208,2069,NPI-2,"ALVARADO HOSPITAL, LLC","ALVARADO HOSPITAL, LLC",Pharmacy,General Acute Care Hospital,na,na,"[{'code': '333600000X', 'desc': 'Pharmacy', 'primary': False, 'state': 'CA', 'license': 'HSP48400'}, {'code': '282N00000X', 'desc': 'General Acute Care Hospital', 'primary': True, 'state': 'CA', 'license': '090000013'}]",6655 ALVARADO RD,SAN DIEGO,CA,921205208
1952312043,1,,,,,CHILDREN'S HOSPITAL CENTRAL CALIFORNIA,9300 VALLEY CHILDRENS PL MADERA CA 936368762,2107,NPI-2,VALLEY CHILDREN'S HOSPITAL,VALLEY CHILDREN'S HOSPITAL,General Acute Care Hospital Children,na,na,na,"[{'code': '282NC2000X', 'desc': 'General Acute Care Hospital Children', 'primary': True, 'state': 'CA', 'license': '040000160'}]",9300 VALLEY CHILDRENS PL,MADERA,CA,936368762
1033107214,1,,,,,PUBLIC HOSPITAL DISTRICT 2 OF SNOHOMISH COUNTY,21601 76TH AVE W EDMONDS WA 980267507,2112,NPI-2,SWEDISH EDMONDS,SWEDISH EDMONDS,Psychiatric Unit,General Acute Care Hospital,na,na,"[{'code': '273R00000X', 'desc': 'Psychiatric Unit', 'primary': False, 'state': 'WA', 'license': 'HAC.FS.60183546'}, {'code': '282N00000X', 'desc': 'General Acute Care Hospital', 'primary': True, 'state': 'WA', 'license': 'HAC.FS.60183546'}]",21601 76TH AVE W,EDMONDS,WA,980267507
1730171265,1,,,,,GARFIELD MEDICAL CENTER,525 N GARFIELD AVE MONTEREY PARK CA 917541202,2026,NPI-2,AHMC GARFIELD MEDICAL CENTER LP,AHMC GARFIELD MEDICAL CENTER LP,General Acute Care Hospital,na,na,na,"[{'code': '282N00000X', 'desc': 'General Acute Care Hospital', 'primary': True, 'state': 'CA', 'license': ''}]",525 N GARFIELD AVE,MONTEREY PARK,CA,917541202
1376641969,1,,,,,THE REGENTS OF THE UNIVERSITY OF CALIFORNIA,200 WEST ARBOR DRIVE SAN DIEGO CA 921038937,2082,NPI-2,UCSD MEDICAL CENTER,UCSD MEDICAL CENTER,Psychiatric Hospital,Psychiatric Unit,na,na,"[{'code': '283Q00000X', 'desc': 'Psychiatric Hospital', 'primary': False, 'state': 'CA', 'license': '090000101'}, {'code': '273R00000X', 'desc': 'Psychiatric Unit', 'primary': True, 'state': 'CA', 'license': '090000101'}]",200 WEST ARBOR DRIVE,SAN DIEGO,CA,921038937
1083648810,1,,,,,ZUCKERBERG SAN FRANCISCO GENERAL HOSPITAL AND TRAUMA CENTER- ACUTE,1001 POTRERO AVE SAN FRANCISCO CA 941103518,2092,NPI-2,CITY & COUNTY OF SAN FRANCISCO,CITY & COUNTY OF SAN FRANCISCO,General Acute Care Hospital,Psychiatric Hospital,na,na,"[{'code': '282N00000X', 'desc': 'General Acute Care Hospital', 'primary': True, 'state': 'CA', 'license': '220000063'}, {'code': '283Q00000X', 'desc': 'Psychiatric Hospital', 'primary': False, 'state': 'CA', 'license': '220000063'}]",1001 POTRERO AVE,SAN FRANCISCO,CA,941103518
1477610640,1,,,,,GLENDALE MEMORIAL HOSPITAL AND HEALTH CENTER,1420 S CENTRAL AVE GLENDALE CA 912042508,1972,NPI-2,DIGNITY COMMUNITY CARE,DIGNITY COMMUNITY CARE,Psychiatric Unit,Rehabilitation Unit,General Acute Care Hospital,Skilled Nursing Facility,"[{'code': '273R00000X', 'desc': 'Psychiatric Unit', 'primary': False, 'state': 'CA', 'license': '930000099'}, {'code': '273Y00000X', 'desc': 'Rehabilitation Unit', 'primary': False, 'state': 'CA', 'license': '930000099'}, {'code': '282N00000X', 'desc': 'General Acute Care Hospital', 'primary': True, 'state': 'CA', 'license': '930000099'}, {'code': '314000000X', 'desc': 'Skilled Nursing Facility', 'primary': False, 'state': 'CA', 'license': '930000099'}]",1420 S CENTRAL AVE,GLENDALE,CA,912042508
1114025491,1,,,,,UTAH VALLEY HOSPITAL,1034 N 500 W PROVO UT 846043380,2080,NPI-2,IHC HEALTH SERVICES INC,IHC HEALTH SERVICES INC,Psychiatric Unit,Rehabilitation Unit,Skilled Nursing Facility,General Acute Care Hospital,"[{'code': '273R00000X', 'desc': 'Psychiatric Unit', 'primary': False, 'state': '', 'license': ''}, {'code': '273Y00000X', 'desc': 'Rehabilitation Unit', 'primary': False, 'state': '', 'license': ''}, {'code': '314000000X', 'desc': 'Skilled Nursing Facility', 'primary': False, 'state': '', 'license': ''}, {'code': '282N00000X', 'desc': 'General Acute Care Hospital', 'primary': True, 'state': 'UT', 'license': '2006-HOSP-210'}]",1034 N 500 W,PROVO,UT,846043380
1104842020,1,,,,,OUTPATIENT PHARMACY - UC IRVINE HEALTH,101 THE CITY DR S ORANGE CA 928683201,2007,NPI-2,UNIVERSITY OF CALIFORNIA IRVINE,UNIVERSITY OF CALIFORNIA IRVINE,Pharmacy,Pharmacy Specialty Pharmacy,na,na,"[{'code': '333600000X', 'desc': 'Pharmacy', 'primary': False, 'state': '', 'license': ''}, {'code': '3336S0011X', 'desc': 'Pharmacy Specialty Pharmacy', 'primary': True, 'state': 'CA', 'license': 'PHE55487'}]",101 THE CITY DR S,ORANGE,CA,928683201
1326370636,1,,,1,100,SAINT ALPHONSUS MEDICAL GROUP IOWA,211 W IOWA AVE NAMPA ID 836862834,2027,NPI-2,SAINT ALPHONSUS REGIONAL MEDICAL CENTER INC,SAINT ALPHONSUS REGIONAL MEDICAL CENTER INC,Clinic/Center Rural Health,na,na,na,"[{'code': '261QR1300X', 'desc': 'Clinic/Center Rural Health', 'primary': True, 'state': '', 'license': ''}]",211 W IOWA AVE,NAMPA,ID,836862834
1932200441,1,,,,,SETON MEDICAL CENTER,1900 SULLIVAN AVE DALY CITY CA 940152200,2050,NPI-2,SETON MEDICAL CENTER,SETON MEDICAL CENTER,General Acute Care Hospital,na,na,na,"[{'code': '282N00000X', 'desc': 'General Acute Care Hospital', 'primary': True, 'state': 'CA', 'license': '220000026'}]",1900 SULLIVAN AVE,DALY CITY,CA,940152200
1942267869,1,,,,,MARIN GENERAL HOSPITAL,250 BON AIR RD GREENBRAE CA 949041702,2046,NPI-2,MARIN GENERAL HOSPITAL,MARIN GENERAL HOSPITAL,Psychiatric Unit,na,na,na,"[{'code': '273R00000X', 'desc': 'Psychiatric Unit', 'primary': True, 'state': 'CA', 'license': ''}]",250 BON AIR RD,GREENBRAE,CA,949041702
1659538858,1,,,1,100,GARDEN GROVE HOSPITAL & MEDICAL CENTER,12601 GARDEN GROVE BLVD GARDEN GROVE CA 928431908,2004,NPI-2,PRIME HEALTHCARE SERVICES - GARDEN GROVE LLC,PRIME HEALTHCARE SERVICES - GARDEN GROVE LLC,General Acute Care Hospital,na,na,na,"[{'code': '282N00000X', 'desc': 'General Acute Care Hospital', 'primary': True, 'state': '', 'license': ''}]",12601 GARDEN GROVE BLVD,GARDEN GROVE,CA,928431908
1821007881,1,,,,,UPMC PRESBYTERIAN SHADYSIDE,200 LOTHROP ST PITTSBURGH PA 152132536,2103,NPI-2,UPMC PRESBYTERIAN SHADYSIDE,UPMC PRESBYTERIAN SHADYSIDE,Clinic/Center,Clinic/Center Mental Health (Including Community Mental Health Center),Clinic/Center Radiology,Clinic/Center Oncology,"[{'code': '261Q00000X', 'desc': 'Clinic/Center', 'primary': False, 'state': '', 'license': ''}, {'code': '261QM0801X', 'desc': 'Clinic/Center Mental Health (Including Community Mental Health Center)', 'primary': False, 'state': '', 'license': ''}, {'code': '261QR0200X', 'desc': 'Clinic/Center Radiology', 'primary': False, 'state': '', 'license': ''}, {'code': '261QX0200X', 'desc': 'Clinic/Center Oncology', 'primary': False, 'state': '', 'license': ''}, {'code': '282N00000X', 'desc': 'General Acute Care Hospital', 'primary': True, 'state': '', 'license': ''}]",200 LOTHROP ST,PITTSBURGH,PA,152132536
1831103654,1,,,,,INTEGRIS BAPTIST MEDICAL CENTER INC,3300 NW EXPRESSWAY ST OKLAHOMA CITY OK 731124481,2062,NPI-2,INTEGRIS BAPTIST MEDICAL CENTER INC,INTEGRIS BAPTIST MEDICAL CENTER INC,General Acute Care Hospital,na,na,na,"[{'code': '282N00000X', 'desc': 'General Acute Care Hospital', 'primary': True, 'state': 'OK', 'license': '2297'}]",3300 NW EXPRESSWAY ST,OKLAHOMA CITY,OK,731124481
1477584993,1,,,1,100,JOHN F. KENNEDY MEMORIAL HOSPITAL,47-111 MONROE STREET INDIO CA 92201,2090,NPI-2,"JFK MEMORIAL HOSPITAL, INC.","JFK MEMORIAL HOSPITAL, INC.",General Acute Care Hospital,na,na,na,"[{'code': '282N00000X', 'desc': 'General Acute Care Hospital', 'primary': True, 'state': 'CA', 'license': '25-50000155'}]",47-111 MONROE STREET,INDIO,CA,92201
1992752315,1,,,,,MISSION HOSPITAL,27700 MEDICAL CENTER RD MISSION VIEJO CA 926916426,2070,NPI-2,MISSION HOSPITAL REGIONAL MEDICAL CENTER,MISSION HOSPITAL REGIONAL MEDICAL CENTER,General Acute Care Hospital,na,na,na,"[{'code': '282N00000X', 'desc': 'General Acute Care Hospital', 'primary': True, 'state': '', 'license': '060000146'}]",27700 MEDICAL CENTER RD,MISSION VIEJO,CA,926916426
1508856535,1,1,100,,,PALMDALE REGIONAL MEDICAL CENTER,38600 MEDICAL CENTER DR PALMDALE CA 935514483,1929,NPI-2,LANCASTER HOSPITAL CORPORATION,LANCASTER HOSPITAL CORPORATION,General Acute Care Hospital,na,na,na,"[{'code': '282N00000X', 'desc': 'General Acute Care Hospital', 'primary': True, 'state': 'CA', 'license': '930000085'}]",38600 MEDICAL CENTER DR,PALMDALE,CA,935514483
1780614685,1,,,,,WASHINGTON HOSPITAL,2000 MOWRY AVE FREMONT CA 945381716,2054,NPI-2,WASHINGTON TOWNSHIP HOSPITAL DISTRICT,WASHINGTON TOWNSHIP HOSPITAL DISTRICT,General Acute Care Hospital,na,na,na,"[{'code': '282N00000X', 'desc': 'General Acute Care Hospital', 'primary': True, 'state': 'CA', 'license': '140000116'}]",2000 MOWRY AVE,FREMONT,CA,945381716
1063441293,1,,,,,CITRUS VALLEY MEDICAL CENTER QUEEN OF THE VALLEY CAMPUS,1115 S SUNSET AVE WEST COVINA CA 917903940,2110,NPI-2,EMANATE HEALTH MEDICAL CENTER,EMANATE HEALTH MEDICAL CENTER,General Acute Care Hospital,na,na,na,"[{'code': '282N00000X', 'desc': 'General Acute Care Hospital', 'primary': True, 'state': '', 'license': ''}]",1115 S SUNSET AVE,WEST COVINA,CA,917903940
1477531580,1,,,,,UNIVERSITY OF COLORADO HOSPITAL AUTHORITY,12605 E 16TH AVE AURORA CO 800457019,2094,NPI-2,UNIVERSITY OF COLORADO HOSPITAL AUTHORITY,UNIVERSITY OF COLORADO HOSPITAL AUTHORITY,General Acute Care Hospital,na,na,na,"[{'code': '282N00000X', 'desc': 'General Acute Care Hospital', 'primary': True, 'state': 'CO', 'license': '1161'}]",12605 E 16TH AVE,AURORA,CO,800457019
1003878539,1,,,,,UNIVERSITY OF MICHIGAN HEALTH SYSTEM,1500 E MEDICAL CENTER DR ANN ARBOR MI 481095000,1964,NPI-2,REGENTS OF THE UNIVERSITY OF MICHIGAN,REGENTS OF THE UNIVERSITY OF MICHIGAN,Clinic/Center End-Stage Renal Disease (ESRD) Treatment,General Acute Care Hospital,General Acute Care Hospital Children,General Acute Care Hospital Women,"[{'code': '261QE0700X', 'desc': 'Clinic/Center End-Stage Renal Disease (ESRD) Treatment', 'primary': False, 'state': 'MI', 'license': '810060'}, {'code': '282N00000X', 'desc': 'General Acute Care Hospital', 'primary': True, 'state': 'MI', 'license': '810060'}, {'code': '282NC2000X', 'desc': 'General Acute Care Hospital Children', 'primary': False, 'state': 'MI', 'license': '810060'}, {'code': '282NW0100X', 'desc': 'General Acute Care Hospital Women', 'primary': False, 'state': 'MI', 'license': '810060'}, {'code': '341600000X', 'desc': 'Ambulance', 'primary': False, 'state': '', 'license': ''}, {'code': '3416A0800X', 'desc': 'Ambulance Air Transport', 'primary': False, 'state': '', 'license': ''}]",1500 E MEDICAL CENTER DR,ANN ARBOR,MI,481095000
EI26439240,1,,,,,0,   ,,,,,,,,,,,,,
1194706655,1,,,,,YUMA REGIONAL MEDICAL CENTER,2400 S AVE A YUMA AZ 853647127,2042,NPI-2,YUMA REGIONAL MEDICAL CENTER,YUMA REGIONAL MEDICAL CENTER,General Acute Care Hospital,na,na,na,"[{'code': '282N00000X', 'desc': 'General Acute Care Hospital', 'primary': True, 'state': 'AZ', 'license': 'H0097'}]",2400 S AVE A,YUMA,AZ,853647127
1972709970,1,,,1,100,THE HOSPITALS OF PROVIDENCE EAST CAMPUS,3280 JOE BATTLE BLVD EL PASO TX 799382622,2009,NPI-2,TENET HOSPITALS LIMITED,TENET HOSPITALS LIMITED,General Acute Care Hospital,na,na,na,"[{'code': '282N00000X', 'desc': 'General Acute Care Hospital', 'primary': True, 'state': '', 'license': ''}]",3280 JOE BATTLE BLVD,EL PASO,TX,799382622
1528138088,1,,,1,100,KAISER FOUNDATION HOSPITAL SOUTH SACRAMENTO,6600 BRUCEVILLE RD SACRAMENTO CA 958234671,2072,NPI-2,KAISER FOUNDATION HOSPITALS,KAISER FOUNDATION HOSPITALS,General Acute Care Hospital,na,na,na,"[{'code': '282N00000X', 'desc': 'General Acute Care Hospital', 'primary': True, 'state': 'CA', 'license': '030000228'}]",6600 BRUCEVILLE RD,SACRAMENTO,CA,958234671
1275720377,1,,,,,"AHMC SAN GABREIL VALLEY MEDICAL CENTER, LP",438 W LAS TUNAS DR SAN GABRIEL CA 917761216,2079,NPI-2,AHMC SAN GABRIEL VALLEY MEDICAL,AHMC SAN GABRIEL VALLEY MEDICAL,General Acute Care Hospital,na,na,na,"[{'code': '282N00000X', 'desc': 'General Acute Care Hospital', 'primary': True, 'state': 'CA', 'license': '930000041'}]",438 W LAS TUNAS DR,SAN GABRIEL,CA,917761216
1710116116,1,,,,,KAISER FOUNDATION HOSPITAL VACAVILLE,1 QUALITY DR VACAVILLE CA 956889494,2083,NPI-2,KAISER FOUNDATION HOSPITALS,KAISER FOUNDATION HOSPITALS,General Acute Care Hospital,na,na,na,"[{'code': '282N00000X', 'desc': 'General Acute Care Hospital', 'primary': True, 'state': 'CA', 'license': '550001207'}]",1 QUALITY DR,VACAVILLE,CA,956889494
1740279959,1,,,,,ALTA BATES SUMMIT MED CENTER - SUMMIT CAMPUS,350 HAWTHORNE AVE OAKLAND CA 946093108,1985,NPI-2,SUTTER EAST BAY HOSPITALS,SUTTER EAST BAY HOSPITALS,Clinical Medical Laboratory,General Acute Care Hospital,na,na,"[{'code': '291U00000X', 'desc': 'Clinical Medical Laboratory', 'primary': False, 'state': 'CA', 'license': '140000284'}, {'code': '282N00000X', 'desc': 'General Acute Care Hospital', 'primary': True, 'state': 'CA', 'license': '140000284'}]",350 HAWTHORNE AVE,OAKLAND,CA,946093108
1104981661,1,,,,,MERCY HOSPITAL,2215 TRUXTUN AVE BAKERSFIELD CA 933013602,2089,NPI-2,DIGNITY HEALTH,DIGNITY HEALTH,Skilled Nursing Facility,General Acute Care Hospital,na,na,"[{'code': '314000000X', 'desc': 'Skilled Nursing Facility', 'primary': False, 'state': 'CA', 'license': '120000184'}, {'code': '282N00000X', 'desc': 'General Acute Care Hospital', 'primary': True, 'state': 'CA', 'license': '120000184'}]",2215 TRUXTUN AVE,BAKERSFIELD,CA,933013602
1831529049,1,,,,,ALAMEDA HOSPITAL,2070 CLINTON AVE ALAMEDA CA 945014399,2021,NPI-2,ALAMEDA HEALTH SYSTEM,ALAMEDA HEALTH SYSTEM,General Acute Care Hospital,na,na,na,"[{'code': '282N00000X', 'desc': 'General Acute Care Hospital', 'primary': True, 'state': 'CA', 'license': '140000002'}]",2070 CLINTON AVE,ALAMEDA,CA,945014399
1275591984,1,1,100,,,TUALITY COMMUNITY HOSPITAL,335 SE 8TH AVE HILLSBORO OR 971234246,2033,NPI-2,TUALITY HEALTHCARE,TUALITY HEALTHCARE,Psychiatric Hospital,General Acute Care Hospital,na,na,"[{'code': '283Q00000X', 'desc': 'Psychiatric Hospital', 'primary': False, 'state': 'OR', 'license': '14   0095'}, {'code': '282N00000X', 'desc': 'General Acute Care Hospital', 'primary': True, 'state': 'OR', 'license': '14 0095'}]",335 SE 8TH AVE,HILLSBORO,OR,971234246
1023049236,1,,,1,100,THE GENERAL HOSPITAL CORPORATION,55 FRUIT ST BOSTON MA 21142621,2104,NPI-2,THE GENERAL HOSPITAL CORPORATION,THE GENERAL HOSPITAL CORPORATION,General Acute Care Hospital,na,na,na,"[{'code': '282N00000X', 'desc': 'General Acute Care Hospital', 'primary': True, 'state': '', 'license': ''}]",55 FRUIT ST,BOSTON,MA,21142621
1467536276,1,,,,,SEATTLE CHILDREN'S HOSPITAL,4800 SAND POINT WAY NE SEATTLE WA 981053901,2074,NPI-2,SEATTLE CHILDREN'S HOSPITAL,SEATTLE CHILDREN'S HOSPITAL,Specialist,Prosthetic/Orthotic Supplier,General Acute Care Hospital Children,na,"[{'code': '174400000X', 'desc': 'Specialist', 'primary': False, 'state': 'WA', 'license': 'H-014', 'taxonomy_group': '193200000X MULTI-SPECIALTY GROUP'}, {'code': '335E00000X', 'desc': 'Prosthetic/Orthotic Supplier', 'primary': False, 'state': 'WA', 'license': 'H-014'}, {'code': '282NC2000X', 'desc': 'General Acute Care Hospital Children', 'primary': True, 'state': 'WA', 'license': 'H-014'}]",4800 SAND POINT WAY NE,SEATTLE,WA,981053901
1558410217,1,,,,,ARROWHEAD REGIONAL MEDICAL CENTER,400 N PEPPER AVE COLTON CA 923241801,2096,NPI-2,COUNTY OF SAN BERNARDINO,COUNTY OF SAN BERNARDINO,General Acute Care Hospital,na,na,na,"[{'code': '282N00000X', 'desc': 'General Acute Care Hospital', 'primary': True, 'state': 'CA', 'license': '240000197'}]",400 N PEPPER AVE,COLTON,CA,923241801
1104856095,1,,,,,DESERT REGIONAL MEDICAL CENTER,1150 N INDIAN CANYON DR PALM SPRINGS CA 922624872,2099,NPI-2,"DESERT REGIONAL MEDICAL CENTER, INC.","DESERT REGIONAL MEDICAL CENTER, INC.",General Acute Care Hospital,na,na,na,"[{'code': '282N00000X', 'desc': 'General Acute Care Hospital', 'primary': True, 'state': 'CA', 'license': '05-0243'}]",1150 N INDIAN CANYON DR,PALM SPRINGS,CA,922624872
1598744856,1,,,1,100,BAPTIST MEDICAL CENTER,111 DALLAS ST SAN ANTONIO TX 782051201,2100,NPI-2,VHS SAN ANTONIO PARTNERS LLC,VHS SAN ANTONIO PARTNERS LLC,Ambulance Air Transport,General Acute Care Hospital,na,na,"[{'code': '3416A0800X', 'desc': 'Ambulance Air Transport', 'primary': False, 'state': '', 'license': ''}, {'code': '282N00000X', 'desc': 'General Acute Care Hospital', 'primary': True, 'state': 'TX', 'license': '000114'}]",111 DALLAS ST,SAN ANTONIO,TX,782051201
1386741635,1,,,,,"MERCY HOSPITAL ARDMORE, INC.",1011 14TH AVE NW ARDMORE OK 734011828,1910,NPI-2,"MERCY HOSPITAL ARDMORE, INC.","MERCY HOSPITAL ARDMORE, INC.",General Acute Care Hospital,na,na,na,"[{'code': '282N00000X', 'desc': 'General Acute Care Hospital', 'primary': True, 'state': 'OK', 'license': '2230'}]",1011 14TH AVE NW,ARDMORE,OK,734011828
1235172057,1,,,,,SEQUOIA HOSPITAL,170 ALAMEDA DE LAS PULGAS REDWOOD CITY CA 940622751,1977,NPI-2,SEQUOIA HEALTH SERVICES,SEQUOIA HEALTH SERVICES,General Acute Care Hospital,na,na,na,"[{'code': '282N00000X', 'desc': 'General Acute Care Hospital', 'primary': True, 'state': 'CA', 'license': '220000045'}]",170 ALAMEDA DE LAS PULGAS,REDWOOD CITY,CA,940622751
1851496152,1,,,,,SSM HEALTH ST. CLARE HOSPITAL - FENTON,1015 BOWLES AVE FENTON MO 630262394,1966,NPI-2,SSM HEALTH CARE ST. LOUIS,SSM HEALTH CARE ST. LOUIS,General Acute Care Hospital,na,na,na,"[{'code': '282N00000X', 'desc': 'General Acute Care Hospital', 'primary': True, 'state': 'MO', 'license': '456-6'}]",1015 BOWLES AVE,FENTON,MO,630262394
1447335146,1,,,,,KINDRED HOSPITAL - LOS ANGELES,5525 W SLAUSON AVE LOS ANGELES CA 90056,2034,NPI-2,"THC - ORANGE COUNTY, LLC","THC - ORANGE COUNTY, LLC",Long Term Care Hospital,na,na,na,"[{'code': '282E00000X', 'desc': 'Long Term Care Hospital', 'primary': True, 'state': 'CA', 'license': '930000053'}]",5525 W SLAUSON AVE,LOS ANGELES,CA,90056
1790778488,1,,,,,WMC-A INC,1025 S ANAHEIM BLVD ANAHEIM CA 928055806,1973,NPI-2,"ANAHEIM GLOBAL MEDICAL CENTER, INC","ANAHEIM GLOBAL MEDICAL CENTER, INC",General Acute Care Hospital,na,na,na,"[{'code': '282N00000X', 'desc': 'General Acute Care Hospital', 'primary': True, 'state': 'CA', 'license': '060000117'}]",1025 S ANAHEIM BLVD,ANAHEIM,CA,928055806
1831189638,1,,,,,SUMMERLIN HOSPITAL MEDICAL CENTER,657 TOWN CENTER DR LAS VEGAS NV 89144,2111,NPI-2,SUMMERLIN HOSPITAL MEDICAL CENTER L L C,SUMMERLIN HOSPITAL MEDICAL CENTER L L C,General Acute Care Hospital,na,na,na,"[{'code': '282N00000X', 'desc': 'General Acute Care Hospital', 'primary': True, 'state': 'NV', 'license': '662HOS-21'}]",657 TOWN CENTER DR,LAS VEGAS,NV,89144
1679659585,1,,,,,PRESENCE SAINT JOSEPH HOSPITAL-CHICAGO,1127 N OAKLEY BLVD CHICAGO IL 606223507,2064,NPI-2,PRESENCE CHICAGO HOSPITALS NETWORK,PRESENCE CHICAGO HOSPITALS NETWORK,General Acute Care Hospital,na,na,na,"[{'code': '282N00000X', 'desc': 'General Acute Care Hospital', 'primary': True, 'state': '', 'license': ''}]",1127 N OAKLEY BLVD,CHICAGO,IL,606223507
1194840421,1,1,100,,,ST. MARY MEDICAL CENTER,1050 LINDEN AVE LONG BEACH CA 908133321,2075,NPI-2,DIGNITY HEALTH,DIGNITY HEALTH,Psychiatric Unit,Rehabilitation Unit,Skilled Nursing Facility,Clinic/Center Dental,"[{'code': '273R00000X', 'desc': 'Psychiatric Unit', 'primary': False, 'state': 'CA', 'license': '930000012'}, {'code': '273Y00000X', 'desc': 'Rehabilitation Unit', 'primary': False, 'state': 'CA', 'license': '930000012'}, {'code': '314000000X', 'desc': 'Skilled Nursing Facility', 'primary': False, 'state': 'CA', 'license': '930000012'}, {'code': '261QD0000X', 'desc': 'Clinic/Center Dental', 'primary': False, 'state': '', 'license': ''}, {'code': '282N00000X', 'desc': 'General Acute Care Hospital', 'primary': True, 'state': 'CA', 'license': '930000012'}]",1050 LINDEN AVE,LONG BEACH,CA,908133321
1205863255,1,,,,,NATIVIDAD MEDICAL CENTER,1441 CONSTITUTION BLVD SALINAS CA 939063100,2003,NPI-2,COUNTY OF MONTEREY,COUNTY OF MONTEREY,General Acute Care Hospital,na,na,na,"[{'code': '282N00000X', 'desc': 'General Acute Care Hospital', 'primary': True, 'state': '', 'license': ''}]",1441 CONSTITUTION BLVD,SALINAS,CA,939063100
1942247291,1,,,,,PROVIDENCE LITTLE COMPANY OF MARY MEDICAL CENTER SAN PEDRO,1300 W 7TH ST SAN PEDRO CA 90732,2077,NPI-2,PROVIDENCE HEALTH SYSTEM - SOUTHERN CALIFORNIA,PROVIDENCE HEALTH SYSTEM - SOUTHERN CALIFORNIA,General Acute Care Hospital,na,na,na,"[{'code': '282N00000X', 'desc': 'General Acute Care Hospital', 'primary': True, 'state': 'CA', 'license': '========='}]",1300 W 7TH ST,SAN PEDRO,CA,90732
1235104159,1,,,,,EAST LA PLAZA DIALYSIS,1700 E CESAR E CHAVEZ AVE LOS ANGELES CA 900332424,2043,NPI-2,DVA HEALTHCARE RENAL CARE INC,DVA HEALTHCARE RENAL CARE INC,Clinic/Center End-Stage Renal Disease (ESRD) Treatment,na,na,na,"[{'code': '261QE0700X', 'desc': 'Clinic/Center End-Stage Renal Disease (ESRD) Treatment', 'primary': True, 'state': 'CA', 'license': '930000341'}]",1700 E CESAR E CHAVEZ AVE,LOS ANGELES,CA,900332424
1922033547,1,1,100,,,HOLLYWOOD PRESBYTERIAN MEDICAL CENTER,1300 NORTH VERMONT AVE LOS ANGELES CA 90027,2095,NPI-2,"CHA HOLLYWOOD MEDICAL CENTER, LP","CHA HOLLYWOOD MEDICAL CENTER, LP",General Acute Care Hospital,General Acute Care Hospital,na,na,"[{'code': '282N00000X', 'desc': 'General Acute Care Hospital', 'primary': False, 'state': '', 'license': ''}, {'code': '282N00000X', 'desc': 'General Acute Care Hospital', 'primary': True, 'state': 'CA', 'license': '930000067'}]",1300 NORTH VERMONT AVE,LOS ANGELES,CA,90027
1619289998,1,,,,,DETROIT RECEIVING HOSPITAL,4201 SAINT ANTOINE ST DETROIT MI 482012153,2057,NPI-2,VHS DETROIT RECEIVING HOSPITAL INC,VHS DETROIT RECEIVING HOSPITAL INC,General Acute Care Hospital,na,na,na,"[{'code': '282N00000X', 'desc': 'General Acute Care Hospital', 'primary': True, 'state': '', 'license': ''}]",4201 SAINT ANTOINE ST,DETROIT,MI,482012153
1356307581,1,,,1,100,THE NEBRASKA MEDICAL CENTER - NEBRASKA MEDICINE,987400 NEBRASKA MEDICAL CTR OMAHA NE 681987400,2023,NPI-2,NEBRASKA MEDICAL CENTER,NEBRASKA MEDICAL CENTER,Emergency Medicine,Durable Medical Equipment & Medical Supplies,General Acute Care Hospital,na,"[{'code': '207P00000X', 'desc': 'Emergency Medicine', 'primary': False, 'state': 'NE', 'license': '', 'taxonomy_group': '193400000X SINGLE SPECIALTY  GROUP'}, {'code': '332B00000X', 'desc': 'Durable Medical Equipment & Medical Supplies', 'primary': False, 'state': 'NE', 'license': '========='}, {'code': '282N00000X', 'desc': 'General Acute Care Hospital', 'primary': True, 'state': 'NE', 'license': '260011'}]",987400 NEBRASKA MEDICAL CTR,OMAHA,NE,681987400
1669456299,1,1,100,,,PROVIDENCE ST. MARY MEDICAL CENTER,18300 HIGHWAY 18 APPLE VALLEY CA 92307,2114,NPI-2,ST. MARY MEDICAL CENTER,ST. MARY MEDICAL CENTER,General Acute Care Hospital,na,na,na,"[{'code': '282N00000X', 'desc': 'General Acute Care Hospital', 'primary': True, 'state': 'CA', 'license': '240000207'}]",18300 HIGHWAY 18,APPLE VALLEY,CA,92307
1578587150,1,,,,,CHRISTUS ST. VINCENT REGIONAL MEDICAL CENTER,455 SAINT MICHAELS DR SANTA FE NM 875057601,2017,NPI-2,ST VINCENT HOSPITAL,ST VINCENT HOSPITAL,General Acute Care Hospital,na,na,na,"[{'code': '282N00000X', 'desc': 'General Acute Care Hospital', 'primary': True, 'state': 'NM', 'license': '6296'}]",455 SAINT MICHAELS DR,SANTA FE,NM,875057601
1801152566,1,1,100,,,PRIME HEALTHCARE SERVICES RENO LLC,235 W 6TH ST RENO NV 895034548,2068,NPI-2,PRIME HEALTHCARE SERVICES RENO LLC,PRIME HEALTHCARE SERVICES RENO LLC,General Acute Care Hospital,na,na,na,"[{'code': '282N00000X', 'desc': 'General Acute Care Hospital', 'primary': True, 'state': 'NV', 'license': ''}]",235 W 6TH ST,RENO,NV,895034548
1154715845,1,,,,,USC VERDUGO HILLS HOSPITAL,1812 VERDUGO BLVD GLENDALE CA 912081409,2098,NPI-2,UNIVERSITY OF SOUTHERN CALIFORNIA,UNIVERSITY OF SOUTHERN CALIFORNIA,General Acute Care Hospital,na,na,na,"[{'code': '282N00000X', 'desc': 'General Acute Care Hospital', 'primary': True, 'state': 'CA', 'license': '930000173'}]",1812 VERDUGO BLVD,GLENDALE,CA,912081409
1407813660,1,,,,,POMONA VALLEY HOSPITAL MEDICAL CENTER,1798 N. GAREY AVE. POMONA CA 91767,2030,NPI-2,POMONA VALLEY HOSPITAL MEDICAL CENTER,POMONA VALLEY HOSPITAL MEDICAL CENTER,General Acute Care Hospital,na,na,na,"[{'code': '282N00000X', 'desc': 'General Acute Care Hospital', 'primary': True, 'state': '', 'license': ''}]",1798 N. GAREY AVE.,POMONA,CA,91767
1992898837,1,,,,,CHINESE HOSPITAL ASSOCIATION,845 JACKSON ST SAN FRANCISCO CA 941334851,2066,NPI-2,CHINESE HOSPITAL ASSOCIATION,CHINESE HOSPITAL ASSOCIATION,Internal Medicine Interventional Cardiology,Emergency Medicine,General Acute Care Hospital,na,"[{'code': '207RI0011X', 'desc': 'Internal Medicine Interventional Cardiology', 'primary': False, 'state': 'CA', 'license': '220000122', 'taxonomy_group': '193200000X MULTI-SPECIALTY GROUP'}, {'code': '207P00000X', 'desc': 'Emergency Medicine', 'primary': False, 'state': 'CA', 'license': '220000122', 'taxonomy_group': '193200000X MULTI-SPECIALTY GROUP'}, {'code': '282N00000X', 'desc': 'General Acute Care Hospital', 'primary': True, 'state': 'CA', 'license': '220000122'}]",845 JACKSON ST,SAN FRANCISCO,CA,941334851
1861439952,1,,,1,100,SUNRISE HOSPITAL AND MEDICAL CENTER,3186 S MARYLAND PKWY LAS VEGAS NV 891092317,1976,NPI-2,"SUNRISE HOSPITAL AND MEDICAL CENTER, LLC","SUNRISE HOSPITAL AND MEDICAL CENTER, LLC",General Acute Care Hospital,na,na,na,"[{'code': '282N00000X', 'desc': 'General Acute Care Hospital', 'primary': True, 'state': '', 'license': ''}]",3186 S MARYLAND PKWY,LAS VEGAS,NV,891092317
1114081056,1,,,,,CALIFORNIA HOSPITAL MEDICAL CENTER - LOS ANGELES,1401 S GRAND AVE LOS ANGELES CA 900153010,2097,NPI-2,DIGNITY COMMUNITY CARE,DIGNITY COMMUNITY CARE,Skilled Nursing Facility,General Acute Care Hospital,na,na,"[{'code': '314000000X', 'desc': 'Skilled Nursing Facility', 'primary': False, 'state': 'CA', 'license': '930000024'}, {'code': '282N00000X', 'desc': 'General Acute Care Hospital', 'primary': True, 'state': 'CA', 'license': '930000024'}]",1401 S GRAND AVE,LOS ANGELES,CA,900153010
1811129752,1,,,,,SUTTER DELTA MEDICAL CENTER,3901 LONE TREE WAY ANTIOCH CA 945096200,2031,NPI-2,SUTTER EAST BAY HOSPITALS,SUTTER EAST BAY HOSPITALS,General Acute Care Hospital,na,na,na,"[{'code': '282N00000X', 'desc': 'General Acute Care Hospital', 'primary': True, 'state': 'CA', 'license': '140000258'}]",3901 LONE TREE WAY,ANTIOCH,CA,945096200
1477616571,1,,,,,LENOX HILL HOSPITAL,100 E 77TH ST NEW YORK NY 100751850,1932,NPI-2,LENOX HILL HOSPITAL,LENOX HILL HOSPITAL,Psychiatric Unit,General Acute Care Hospital,na,na,"[{'code': '273R00000X', 'desc': 'Psychiatric Unit', 'primary': False, 'state': 'NY', 'license': '700201H'}, {'code': '282N00000X', 'desc': 'General Acute Care Hospital', 'primary': True, 'state': 'NY', 'license': '700201H'}]",100 E 77TH ST,NEW YORK,NY,100751850
1548393127,1,1,100,,,UNIVERSITY MEDICAL CENTER,1800 W. CHARLESTON BLVD. LAS VEGAS NV 891022386,1940,NPI-2,UNIVERSITY MEDICAL CENTER OF SOUTHERN NEVADA,UNIVERSITY MEDICAL CENTER OF SOUTHERN NEVADA,General Acute Care Hospital,General Acute Care Hospital,na,na,"[{'code': '282N00000X', 'desc': 'General Acute Care Hospital', 'primary': False, 'state': 'NV', 'license': ''}, {'code': '282N00000X', 'desc': 'General Acute Care Hospital', 'primary': True, 'state': 'NV', 'license': '666HOS'}]",1800 W. CHARLESTON BLVD.,LAS VEGAS,NV,891022386
1467560599,1,,,1,100,METHODIST HOSPITAL OF SACRAMENTO,7500 HOSPITAL DR SACRAMENTO CA 95823,1970,NPI-2,DIGNITY COMMUNITY CARE,DIGNITY COMMUNITY CARE,General Acute Care Hospital,Skilled Nursing Facility,na,na,"[{'code': '282N00000X', 'desc': 'General Acute Care Hospital', 'primary': True, 'state': 'CA', 'license': '030000064'}, {'code': '314000000X', 'desc': 'Skilled Nursing Facility', 'primary': False, 'state': 'CA', 'license': '030000064'}]",7500 HOSPITAL DR,SACRAMENTO,CA,95823
1043263080,1,,,,,KAPIOLANI MEDICAL CENTER FOR WOMEN & CHILDREN,1319 PUNAHOU ST HONOLULU HI 968261001,2058,NPI-2,KAPIOLANI MEDICAL CENTER FOR WOMEN & CHILDREN,KAPIOLANI MEDICAL CENTER FOR WOMEN & CHILDREN,General Acute Care Hospital Women,General Acute Care Hospital Children,na,na,"[{'code': '282NW0100X', 'desc': 'General Acute Care Hospital Women', 'primary': False, 'state': 'HI', 'license': '6-H'}, {'code': '282NC2000X', 'desc': 'General Acute Care Hospital Children', 'primary': True, 'state': 'HI', 'license': '6-H'}]",1319 PUNAHOU ST,HONOLULU,HI,968261001
1619922077,1,,,,,LOWER KEYS MEDICAL CENTER,5900 COLLEGE RD KEY WEST FL 330404342,2055,NPI-2,KEY WEST HMA LLC,KEY WEST HMA LLC,General Acute Care Hospital,na,na,na,"[{'code': '282N00000X', 'desc': 'General Acute Care Hospital', 'primary': True, 'state': 'FL', 'license': '4302'}]",5900 COLLEGE RD,KEY WEST,FL,330404342
1255429338,1,,,,,PROVIDENCE HOOD RIVER MEMORIAL HOSPITAL,810 12TH ST HOOD RIVER OR 970311587,2045,NPI-2,PROVIDENCE HEALTH & SERVICES - OREGON,PROVIDENCE HEALTH & SERVICES - OREGON,General Acute Care Hospital Critical Access,na,na,na,"[{'code': '282NC0060X', 'desc': 'General Acute Care Hospital Critical Access', 'primary': True, 'state': '', 'license': ''}]",810 12TH ST,HOOD RIVER,OR,970311587
1003980350,1,,,,,RAI-TELEGRAPH-PERALTA,2757 TELEGRAPH AVE OAKLAND CA 946121733,2071,NPI-2,"RAI CARE CENTERS OF NORTHERN CALIFORNIA II, LLC","RAI CARE CENTERS OF NORTHERN CALIFORNIA II, LLC",Clinic/Center End-Stage Renal Disease (ESRD) Treatment,na,na,na,"[{'code': '261QE0700X', 'desc': 'Clinic/Center End-Stage Renal Disease (ESRD) Treatment', 'primary': True, 'state': '', 'license': ''}]",2757 TELEGRAPH AVE,OAKLAND,CA,946121733
1528169125,1,,,,,HONORHEALTH DEER VALLEY MEDICAL CENTER,19829 N 27TH AVE PHOENIX AZ 850274001,2113,NPI-2,HONORHEALTH,HONORHEALTH,General Acute Care Hospital,na,na,na,"[{'code': '282N00000X', 'desc': 'General Acute Care Hospital', 'primary': True, 'state': 'AZ', 'license': 'H0167'}]",19829 N 27TH AVE,PHOENIX,AZ,850274001
1316938301,1,1,100,1,100,LODI MEMORIAL HOSPITAL,975 S FAIRMONT AVE LODI CA 952405118,2024,NPI-2,LODI MEMORIAL HOSPITAL ASSOCIATION INC,LODI MEMORIAL HOSPITAL ASSOCIATION INC,General Acute Care Hospital,na,na,na,"[{'code': '282N00000X', 'desc': 'General Acute Care Hospital', 'primary': True, 'state': 'CA', 'license': '030000056'}]",975 S FAIRMONT AVE,LODI,CA,952405118
EI03040542,1,,,,,0,   ,,,,,,,,,,,,,
1689984668,1,,,,,KINDRED HOSPITAL BALDWIN PARK,14148 FRANCISQUITO AVE BALDWIN PARK CA 917066120,2076,NPI-2,"KND DEVELOPMENT 52, L.L.C.","KND DEVELOPMENT 52, L.L.C.",Long Term Care Hospital,na,na,na,"[{'code': '282E00000X', 'desc': 'Long Term Care Hospital', 'primary': True, 'state': '', 'license': ''}]",14148 FRANCISQUITO AVE,BALDWIN PARK,CA,917066120
1780757856,1,,,,,HILO MEDICAL CENTER,1190 WAIANUENUE AVE HILO HI 967202020,1935,NPI-2,HILO MEDICAL CENTER,HILO MEDICAL CENTER,General Acute Care Hospital,na,na,na,"[{'code': '282N00000X', 'desc': 'General Acute Care Hospital', 'primary': True, 'state': 'HI', 'license': 'OHCA# 34-H'}]",1190 WAIANUENUE AVE,HILO,HI,967202020
1851370910,1,1,100,,,HOSPITAL OF THE UNIVERSITY OF PENNSYLVANIA,3400 SPRUCE ST PHILADELPHIA PA 191044206,2102,NPI-2,TRUSTEES OF THE UNIVERSITY OF PENNSYLVANIA,TRUSTEES OF THE UNIVERSITY OF PENNSYLVANIA,Community/Behavioral Health,Clinic/Center Ambulatory Fertility Facility,Psychiatric Unit,"Rehabilitation, Substance Use Disorder Unit","[{'code': '251S00000X', 'desc': 'Community/Behavioral Health', 'primary': False, 'state': '', 'license': ''}, {'code': '261QA0006X', 'desc': 'Clinic/Center Ambulatory Fertility Facility', 'primary': False, 'state': 'PA', 'license': ''}, {'code': '273R00000X', 'desc': 'Psychiatric Unit', 'primary': False, 'state': '', 'license': ''}, {'code': '276400000X', 'desc': 'Rehabilitation, Substance Use Disorder Unit', 'primary': False, 'state': '', 'license': ''}, {'code': '3416A0800X', 'desc': 'Ambulance Air Transport', 'primary': False, 'state': 'PA', 'license': ''}, {'code': '3416L0300X', 'desc': 'Ambulance Land Transport', 'primary': False, 'state': '', 'license': ''}, {'code': '282N00000X', 'desc': 'General Acute Care Hospital', 'primary': True, 'state': '', 'license': ''}]",3400 SPRUCE ST,PHILADELPHIA,PA,191044206
1184612764,1,1,100,,,THE QUEEN'S MEDICAL CENTER,1301 PUNCHBOWL ST HONOLULU HI 96813,2105,NPI-2,THE QUEEN'S MEDICAL CENTER,THE QUEEN'S MEDICAL CENTER,Psychiatric Unit,Psychiatric Residential Treatment Facility,General Acute Care Hospital,na,"[{'code': '273R00000X', 'desc': 'Psychiatric Unit', 'primary': False, 'state': 'HI', 'license': ''}, {'code': '323P00000X', 'desc': 'Psychiatric Residential Treatment Facility', 'primary': False, 'state': 'HI', 'license': ''}, {'code': '282N00000X', 'desc': 'General Acute Care Hospital', 'primary': True, 'state': 'HI', 'license': '29-H'}]",1301 PUNCHBOWL ST,HONOLULU,HI,96813
1427181007,1,,,,,DOMINICAN HOSPITAL,1555 SOQUEL DR SANTA CRUZ CA 950651705,1962,NPI-2,DIGNITY HEALTH,DIGNITY HEALTH,Skilled Nursing Facility,Rehabilitation Unit,General Acute Care Hospital,na,"[{'code': '314000000X', 'desc': 'Skilled Nursing Facility', 'primary': False, 'state': 'CA', 'license': '070000030'}, {'code': '273Y00000X', 'desc': 'Rehabilitation Unit', 'primary': False, 'state': 'CA', 'license': '070000030'}, {'code': '282N00000X', 'desc': 'General Acute Care Hospital', 'primary': True, 'state': 'CA', 'license': '070000030'}]",1555 SOQUEL DR,SANTA CRUZ,CA,950651705
1992737761,1,,,1,100,NEWTON WELLESLEY HOSPITAL,2014 WASHINGTON ST NEWTON MA 24621607,2041,NPI-2,NEWTON-WELLESLEY HOSPITAL,NEWTON-WELLESLEY HOSPITAL,Family Medicine,Clinic/Center Multi-Specialty,Psychiatric Unit,General Acute Care Hospital,"[{'code': '207Q00000X', 'desc': 'Family Medicine', 'primary': False, 'state': '', 'license': '', 'taxonomy_group': '193400000X SINGLE SPECIALTY  GROUP'}, {'code': '261QM1300X', 'desc': 'Clinic/Center Multi-Specialty', 'primary': False, 'state': '', 'license': ''}, {'code': '273R00000X', 'desc': 'Psychiatric Unit', 'primary': False, 'state': '', 'license': ''}, {'code': '282N00000X', 'desc': 'General Acute Care Hospital', 'primary': True, 'state': 'MA', 'license': '2075'}]",2014 WASHINGTON ST,NEWTON,MA,24621607
1912982216,1,,,1,100,PROVIDENCE ST. JOSEPH HOSPITAL,1100 W STEWART DR ORANGE CA 928683849,2086,NPI-2,ST JOSEPH HOSPITAL OF ORANGE,ST JOSEPH HOSPITAL OF ORANGE,General Acute Care Hospital,na,na,na,"[{'code': '282N00000X', 'desc': 'General Acute Care Hospital', 'primary': True, 'state': 'CA', 'license': '060000172'}]",1100 W STEWART DR,ORANGE,CA,928683849
1235148594,1,,,1,100,PRIMARY CHILDRENS HOSPITAL,100 MARIO CAPECCHI DR SALT LAKE CITY UT 841131103,1990,NPI-2,IHC HEALTH SERVICES INC.,IHC HEALTH SERVICES INC.,Psychiatric Unit,Rehabilitation Unit,General Acute Care Hospital Children,"Residential Treatment Facility, Emotionally Disturbed Children","[{'code': '273R00000X', 'desc': 'Psychiatric Unit', 'primary': False, 'state': 'UT', 'license': '2010-HOSP-439'}, {'code': '273Y00000X', 'desc': 'Rehabilitation Unit', 'primary': False, 'state': '', 'license': ''}, {'code': '282NC2000X', 'desc': 'General Acute Care Hospital Children', 'primary': True, 'state': 'UT', 'license': '2006-HOSP-439'}, {'code': '322D00000X', 'desc': 'Residential Treatment Facility, Emotionally Disturbed Children', 'primary': False, 'state': 'UT', 'license': '2006-HOSP-439'}]",100 MARIO CAPECCHI DR,SALT LAKE CITY,UT,841131103
1548250582,1,,,,,NORTHERN NEVADA MEDICAL CENTER,2375 E PRATER WAY SPARKS NV 894349641,2091,NPI-2,SPARKS FAMILY HOSPITAL INC,SPARKS FAMILY HOSPITAL INC,General Acute Care Hospital,na,na,na,"[{'code': '282N00000X', 'desc': 'General Acute Care Hospital', 'primary': True, 'state': 'NV', 'license': '653HOS-10'}]",2375 E PRATER WAY,SPARKS,NV,894349641
EI95472322,1,,,,,0,   ,,,,,,,,,,,,,
1376698043,1,,,,,KAISER FOUNDATION HOSPITAL PANORAMA CITY,13652 CANTARA ST PANORAMA CITY CA 914025423,2000,NPI-2,KAISER FOUNDATION HOSPITALS,KAISER FOUNDATION HOSPITALS,General Acute Care Hospital,na,na,na,"[{'code': '282N00000X', 'desc': 'General Acute Care Hospital', 'primary': True, 'state': 'CA', 'license': '930000080'}]",13652 CANTARA ST,PANORAMA CITY,CA,914025423
1588659528,1,,,,,RHODE ISLAND HOSPITAL,593 EDDY ST PROVIDENCE RI 29034923,2020,NPI-2,RHODE ISLAND HOSPITAL,RHODE ISLAND HOSPITAL,General Acute Care Hospital,na,na,na,"[{'code': '282N00000X', 'desc': 'General Acute Care Hospital', 'primary': True, 'state': 'RI', 'license': 'HOS00121'}]",593 EDDY ST,PROVIDENCE,RI,29034923
1982629440,1,,,,,CITRUS VALLEY MEDICAL CENTER INTER-COMMUNITY CAMPUS,210 W SAN BERNARDINO RD COVINA CA 917231515,2093,NPI-2,EMANATE HEALTH MEDICAL CENTER,EMANATE HEALTH MEDICAL CENTER,General Acute Care Hospital,na,na,na,"[{'code': '282N00000X', 'desc': 'General Acute Care Hospital', 'primary': True, 'state': '', 'license': ''}]",210 W SAN BERNARDINO RD,COVINA,CA,917231515
1013981554,1,,,,,EISENHOWER MEDICAL CENTER,39000 BOB HOPE DRIVE RANCHO MIRAGE CA 922708327,2036,NPI-2,EISENHOWER MEDICAL CENTER,EISENHOWER MEDICAL CENTER,General Acute Care Hospital,na,na,na,"[{'code': '282N00000X', 'desc': 'General Acute Care Hospital', 'primary': True, 'state': 'CA', 'license': '250000142'}]",39000 BOB HOPE DRIVE,RANCHO MIRAGE,CA,922708327
1538265780,1,1,100,,,TAHOE FOREST HOSPITAL,10121 PINE AVE TRUCKEE CA 961614835,1928,NPI-2,TAHOE FOREST HOSPITAL DISTRICT,TAHOE FOREST HOSPITAL DISTRICT,General Acute Care Hospital Critical Access,na,na,na,"[{'code': '282NC0060X', 'desc': 'General Acute Care Hospital Critical Access', 'primary': True, 'state': 'CA', 'license': '230000151'}]",10121 PINE AVE,TRUCKEE,CA,961614835
1417965559,1,,,1,100,LA PALMA INTERCOMMUNITY HOSPITAL,7901 WALKER STREET LA PALMA CA 906231722,1941,NPI-2,"PRIME HEALTHCARE LA PALMA, LLC","PRIME HEALTHCARE LA PALMA, LLC",General Acute Care Hospital,General Acute Care Hospital,na,na,"[{'code': '282N00000X', 'desc': 'General Acute Care Hospital', 'primary': False, 'state': '', 'license': ''}, {'code': '282N00000X', 'desc': 'General Acute Care Hospital', 'primary': True, 'state': 'CA', 'license': '060000136'}]",7901 WALKER STREET,LA PALMA,CA,906231722
1811099674,1,,,1,100,"ALHAMBRA HOSPITAL MEDICAL CENTER, LP",100 S RAYMOND AVE ALHAMBRA CA 918013166,2044,NPI-2,"ALHAMBRA HOSPITAL MEDICAL CENTER, LP","ALHAMBRA HOSPITAL MEDICAL CENTER, LP",General Acute Care Hospital,na,na,na,"[{'code': '282N00000X', 'desc': 'General Acute Care Hospital', 'primary': True, 'state': 'CA', 'license': '9500005'}]",100 S RAYMOND AVE,ALHAMBRA,CA,918013166
1598809667,1,,,,,REDLANDS COMMUNITY HOSPITAL,350 TERRACINA BLVD REDLANDS CA 923734850,2028,NPI-2,REDLANDS COMMUNITY HOSPITAL,REDLANDS COMMUNITY HOSPITAL,General Acute Care Hospital,na,na,na,"[{'code': '282N00000X', 'desc': 'General Acute Care Hospital', 'primary': True, 'state': 'CA', 'license': '240000191'}]",350 TERRACINA BLVD,REDLANDS,CA,923734850
1336245828,1,,,,,CHILDREN'S HOSPITAL COLORADO,13123 E 16TH AVE AURORA CO 800457106,2051,NPI-2,CHILDREN'S HOSPITAL COLORADO,CHILDREN'S HOSPITAL COLORADO,"Day Training, Developmentally Disabled Services",Clinic/Center Dental,General Acute Care Hospital Children,na,"[{'code': '251C00000X', 'desc': 'Day Training, Developmentally Disabled Services', 'primary': False, 'state': '', 'license': ''}, {'code': '261QD0000X', 'desc': 'Clinic/Center Dental', 'primary': False, 'state': '', 'license': ''}, {'code': '282NC2000X', 'desc': 'General Acute Care Hospital Children', 'primary': True, 'state': '', 'license': ''}]",13123 E 16TH AVE,AURORA,CO,800457106
1972503142,1,,,,,MARSHALL MEDICAL CENTER,1100 MARSHALL WAY PLACERVILLE CA 956676533,2101,NPI-2,MARSHALL MEDICAL CENTER,MARSHALL MEDICAL CENTER,General Acute Care Hospital,na,na,na,"[{'code': '282N00000X', 'desc': 'General Acute Care Hospital', 'primary': True, 'state': 'CA', 'license': '030000059'}]",1100 MARSHALL WAY,PLACERVILLE,CA,956676533
1487640207,1,,,,,THE GEORGE WASHINGTON UNIVERSITY HOSPITAL,901 23RD ST NW WASHINGTON DC 200372327,2087,NPI-2,DISTRICT HOSPITAL PARTNERS L P,DISTRICT HOSPITAL PARTNERS L P,Nurse Practitioner Family,General Acute Care Hospital,na,na,"[{'code': '363LF0000X', 'desc': 'Nurse Practitioner Family', 'primary': False, 'state': '', 'license': '', 'taxonomy_group': '193200000X MULTI-SPECIALTY GROUP'}, {'code': '282N00000X', 'desc': 'General Acute Care Hospital', 'primary': True, 'state': 'DC', 'license': 'HFD01-0223'}]",901 23RD ST NW,WASHINGTON,DC,200372327
1033294723,1,,,,,KINDRED HOSPITAL - LA MIRADA,14900 IMPERIAL HWY LA MIRADA CA 90638,2063,NPI-2,"SOUTHERN CALIFORNIA SPECIALTY CARE, LLC","SOUTHERN CALIFORNIA SPECIALTY CARE, LLC",Long Term Care Hospital,na,na,na,"[{'code': '282E00000X', 'desc': 'Long Term Care Hospital', 'primary': True, 'state': 'CA', 'license': '930000084'}]",14900 IMPERIAL HWY,LA MIRADA,CA,90638
1477554152,1,1,100,,,SANTA BARBARA COTTAGE HOSPITAL,400 WEST PUEBLO SANTA BARBARA CA 93105,2052,NPI-2,SANTA BARBARA COTTAGE HOSPITAL,SANTA BARBARA COTTAGE HOSPITAL,Rehabilitation Unit,General Acute Care Hospital,na,na,"[{'code': '273Y00000X', 'desc': 'Rehabilitation Unit', 'primary': False, 'state': 'CA', 'license': '050000140'}, {'code': '282N00000X', 'desc': 'General Acute Care Hospital', 'primary': True, 'state': '', 'license': ''}]",400 WEST PUEBLO,SANTA BARBARA,CA,93105
1366545311,1,,,,,SSM HEALTH ST. ANTHONY HOSPITAL - OKLAHOMA CITY,1000 N LEE AVE OKLAHOMA CITY OK 73102,1909,NPI-2,"SSM HEALTH CARE OF OKLAHOMA, INC.","SSM HEALTH CARE OF OKLAHOMA, INC.",General Acute Care Hospital,na,na,na,"[{'code': '282N00000X', 'desc': 'General Acute Care Hospital', 'primary': True, 'state': 'OK', 'license': '2304'}]",1000 N LEE AVE,OKLAHOMA CITY,OK,73102
1760424261,1,1,100,,,KENTFIELD REHABILITATION & SPECIALTY HOSPITAL,1125 SIR FRANCIS DRAKE BLVD KENTFIELD CA 949041418,2067,NPI-2,"1125 SIR FRANCIS DRAKE BOULEVARD OPERATING COMPANY, LLC","1125 SIR FRANCIS DRAKE BOULEVARD OPERATING COMPANY, LLC",Long Term Care Hospital,na,na,na,"[{'code': '282E00000X', 'desc': 'Long Term Care Hospital', 'primary': True, 'state': 'CA', 'license': '110000358'}]",1125 SIR FRANCIS DRAKE BLVD,KENTFIELD,CA,949041418
1215987532,1,,,,,HOSPICE BY THE BAY,180 REDWOOD ST SAN FRANCISCO CA 941023280,1915,NPI-2,HOSPICE BY THE BAY,HOSPICE BY THE BAY,"Hospice Care, Community Based",na,na,na,"[{'code': '251G00000X', 'desc': 'Hospice Care, Community Based', 'primary': True, 'state': 'CA', 'license': '220000202'}]",180 REDWOOD ST,SAN FRANCISCO,CA,941023280
1134274897,1,,,1,100,KAISER FOUNDATION HOSPITAL WEST LOS ANGELES,6041 CADILLAC AVE LOS ANGELES CA 900341702,2014,NPI-2,KAISER FOUNDATION HOSPITALS,KAISER FOUNDATION HOSPITALS,General Acute Care Hospital,na,na,na,"[{'code': '282N00000X', 'desc': 'General Acute Care Hospital', 'primary': True, 'state': 'CA', 'license': '930000081'}]",6041 CADILLAC AVE,LOS ANGELES,CA,900341702
1275661829,1,1,100,,,LAC HARBOR UCLA MEDICAL CENTER,1000 W CARSON ST TORRANCE CA 905022004,2059,NPI-2,COUNTY OF LOS ANGELES AUDITOR CONTROLLER,COUNTY OF LOS ANGELES AUDITOR CONTROLLER,General Acute Care Hospital,na,na,na,"[{'code': '282N00000X', 'desc': 'General Acute Care Hospital', 'primary': True, 'state': 'CA', 'license': '60000129'}]",1000 W CARSON ST,TORRANCE,CA,905022004
1962444059,1,,,1,100,MAMMOTH HOSPITAL,85 SIERRA PARK RD MAMMOTH LAKES CA 935462073,2008,NPI-2,SOUTHERN MONO HEALTHCARE DISTRICT,SOUTHERN MONO HEALTHCARE DISTRICT,Clinic/Center Critical Access Hospital,na,na,na,"[{'code': '261QC0050X', 'desc': 'Clinic/Center Critical Access Hospital', 'primary': True, 'state': 'CA', 'license': '240000008'}]",85 SIERRA PARK RD,MAMMOTH LAKES,CA,935462073
1265820179,1,,,,,BANNER --UNIVERSITY MEDICAL CENTER TUCSON CAMPUS LLC,1625 N CAMPBELL AVE TUCSON AZ 857194330,1995,NPI-2,BANNER --UNIVERSITY MEDICAL CENTER TUCSON CAMPUS LLC,BANNER --UNIVERSITY MEDICAL CENTER TUCSON CAMPUS LLC,General Acute Care Hospital,na,na,na,"[{'code': '282N00000X', 'desc': 'General Acute Care Hospital', 'primary': True, 'state': '', 'license': ''}]",1625 N CAMPBELL AVE,TUCSON,AZ,857194330
1013062769,1,1,100,,,KAISER FOUNDATION HOSPITAL SAN DIEGO,9455 CLAIREMONT MESA BLVD SAN DIEGO CA 921231297,2109,NPI-2,KAISER FOUNDATION HOSPITALS,KAISER FOUNDATION HOSPITALS,General Acute Care Hospital,na,na,na,"[{'code': '282N00000X', 'desc': 'General Acute Care Hospital', 'primary': True, 'state': 'CA', 'license': '080000062'}]",9455 CLAIREMONT MESA BLVD,SAN DIEGO,CA,921231297
1225199987,1,,,,,LAC HARBOR UCLA MEDICAL CENTER,1000 W CARSON ST TORRANCE CA 905022004,1922,NPI-2,COUNTY OF LOS ANGELES AUDITOR CONTROLLER,COUNTY OF LOS ANGELES AUDITOR CONTROLLER,General Acute Care Hospital,na,na,na,"[{'code': '282N00000X', 'desc': 'General Acute Care Hospital', 'primary': True, 'state': 'CA', 'license': '60000129'}]",1000 W CARSON ST,TORRANCE,CA,905022004
1194749580,1,,,,,MCKAY DEE HOSPITAL,4401 HARRISON BLVD OGDEN UT 844033195,2108,NPI-2,"IHC HEALTH SERVICES, INC.","IHC HEALTH SERVICES, INC.",Psychiatric Unit,Rehabilitation Unit,Skilled Nursing Facility,General Acute Care Hospital,"[{'code': '273R00000X', 'desc': 'Psychiatric Unit', 'primary': False, 'state': 'UT', 'license': '2006-HOSP-191'}, {'code': '273Y00000X', 'desc': 'Rehabilitation Unit', 'primary': False, 'state': 'UT', 'license': '2006-HOSP-191'}, {'code': '314000000X', 'desc': 'Skilled Nursing Facility', 'primary': False, 'state': 'UT', 'license': '2006-HOSP-191'}, {'code': '282N00000X', 'desc': 'General Acute Care Hospital', 'primary': True, 'state': 'UT', 'license': '2006-HOSP-191'}]",4401 HARRISON BLVD,OGDEN,UT,844033195
1457347239,1,,,,,CORONA REGIONAL MEDICAL CENTER,800 S MAIN ST CORONA CA 928823420,2010,NPI-2,UHS CORONA INC,UHS CORONA INC,General Acute Care Hospital,na,na,na,"[{'code': '282N00000X', 'desc': 'General Acute Care Hospital', 'primary': True, 'state': 'CA', 'license': '250000126'}]",800 S MAIN ST,CORONA,CA,928823420
1942298153,1,,,,,ST. ROSE HOSPITAL,27200 CALAROGA AVENUE HAYWARD CA 945454339,2088,NPI-2,HAYWARD SISTERS HOSPITAL,HAYWARD SISTERS HOSPITAL,Skilled Nursing Facility,General Acute Care Hospital,na,na,"[{'code': '314000000X', 'desc': 'Skilled Nursing Facility', 'primary': False, 'state': 'CA', 'license': '140000107'}, {'code': '282N00000X', 'desc': 'General Acute Care Hospital', 'primary': True, 'state': 'CA', 'license': '140000107'}]",27200 CALAROGA AVENUE,HAYWARD,CA,945454339
